{
  "fio version": "fio-3.16",
  "timestamp": 1758005869,
  "timestamp_ms": 1758005869214,
  "time": "Tue Sep 16 06:57:49 2025",
  "jobs": [
    {
      "jobname": "byte_addressable_256",
      "groupid": 0,
      "error": 0,
      "eta": 0,
      "elapsed": 61,
      "job options": {
        "name": "byte_addressable_256",
        "filename": "/samsung/byte_test.dat",
        "size": "1G",
        "bs": "256",
        "rw": "write",
        "ioengine": "sync",
        "direct": "0",
        "fdatasync": "1",
        "runtime": "60",
        "iodepth": "1",
        "numjobs": "1"
      },
      "read": {
        "io_bytes": 0,
        "io_kbytes": 0,
        "bw_bytes": 0,
        "bw": 0.0,
        "iops": 0.0,
        "runtime": 0,
        "total_ios": 0,
        "short_ios": 800623,
        "drop_ios": 0,
        "slat_ns": {
          "min": 0,
          "max": 0,
          "mean": 0.0,
          "stddev": 0.0
        },
        "clat_ns": {
          "min": 0,
          "max": 0,
          "mean": 0.0,
          "stddev": 0.0,
          "percentile": {
            "1.000000": 0,
            "5.000000": 0,
            "10.000000": 0,
            "20.000000": 0,
            "30.000000": 0,
            "40.000000": 0,
            "50.000000": 0,
            "60.000000": 0,
            "70.000000": 0,
            "80.000000": 0,
            "90.000000": 0,
            "95.000000": 0,
            "99.000000": 0,
            "99.500000": 0,
            "99.900000": 0,
            "99.950000": 0,
            "99.990000": 0
          }
        },
        "lat_ns": {
          "min": 0,
          "max": 0,
          "mean": 0.0,
          "stddev": 0.0
        },
        "bw_min": 0,
        "bw_max": 0,
        "bw_agg": 0.0,
        "bw_mean": 0.0,
        "bw_dev": 0.0,
        "bw_samples": 0,
        "iops_min": 0,
        "iops_max": 0,
        "iops_mean": 0.0,
        "iops_stddev": 0.0,
        "iops_samples": 0
      },
      "write": {
        "io_bytes": 204959488,
        "io_kbytes": 200155,
        "bw_bytes": 3415934,
        "bw": 4002.0,
        "iops": 16012.193129999998,
        "runtime": 60001,
        "total_ios": 800623,
        "short_ios": 0,
        "drop_ios": 0,
        "slat_ns": {
          "min": 0,
          "max": 0,
          "mean": 0.0,
          "stddev": 0.0
        },
        "clat_ns": {
          "min": 1185,
          "max": 107903,
          "mean": 4130.27671,
          "stddev": 4099.659959,
          "percentile": {
            "1.000000": 1288,
            "5.000000": 1320,
            "10.000000": 1352,
            "20.000000": 1400,
            "30.000000": 1448,
            "40.000000": 1496,
            "50.000000": 2288,
            "60.000000": 2832,
            "70.000000": 4080,
            "80.000000": 8256,
            "90.000000": 10944,
            "95.000000": 11584,
            "99.000000": 17024,
            "99.500000": 18560,
            "99.900000": 22144,
            "99.950000": 23680,
            "99.990000": 31104
          }
        },
        "lat_ns": {
          "min": 1230,
          "max": 107948,
          "mean": 3580.308089166667,
          "stddev": 4287.564944
        },
        "bw_min": 1984,
        "bw_max": 4758,
        "bw_agg": 100.0,
        "bw_mean": 4002.9478992,
        "bw_dev": 580.25012,
        "bw_samples": 119,
        "iops_min": 7938,
        "iops_max": 19034,
        "iops_mean": 16012.8,
        "iops_stddev": 2320.933155,
        "iops_samples": 119
      },
      "trim": {
        "io_bytes": 0,
        "io_kbytes": 0,
        "bw_bytes": 0,
        "bw": 0,
        "iops": 0.0,
        "runtime": 0,
        "total_ios": 0,
        "short_ios": 0,
        "drop_ios": 0,
        "slat_ns": {
          "min": 0,
          "max": 0,
          "mean": 0.0,
          "stddev": 0.0
        },
        "clat_ns": {
          "min": 0,
          "max": 0,
          "mean": 0.0,
          "stddev": 0.0,
          "percentile": {
            "1.000000": 0,
            "5.000000": 0,
            "10.000000": 0,
            "20.000000": 0,
            "30.000000": 0,
            "40.000000": 0,
            "50.000000": 0,
            "60.000000": 0,
            "70.000000": 0,
            "80.000000": 0,
            "90.000000": 0,
            "95.000000": 0,
            "99.000000": 0,
            "99.500000": 0,
            "99.900000": 0,
            "99.950000": 0,
            "99.990000": 0
          }
        },
        "lat_ns": {
          "min": 0,
          "max": 0,
          "mean": 0.0,
          "stddev": 0.0
        },
        "bw_min": 0,
        "bw_max": 0,
        "bw_agg": 0.0,
        "bw_mean": 0.0,
        "bw_dev": 0.0,
        "bw_samples": 0,
        "iops_min": 0,
        "iops_max": 0,
        "iops_mean": 0.0,
        "iops_stddev": 0.0,
        "iops_samples": 0
      },
      "sync": {
        "lat_ns": {
          "min": 21095,
          "max": 2446405,
          "mean": 68959.540967,
          "stddev": 83004.787296,
          "percentile": {
            "1.000000": 23680,
            "5.000000": 23936,
            "10.000000": 23936,
            "20.000000": 24448,
            "30.000000": 24704,
            "40.000000": 25216,
            "50.000000": 27008,
            "60.000000": 40192,
            "70.000000": 55552,
            "80.000000": 152576,
            "90.000000": 162816,
            "95.000000": 222208,
            "99.000000": 423936,
            "99.500000": 485376,
            "99.900000": 536576,
            "99.950000": 569344,
            "99.990000": 634880
          }
        },
        "total_ios": 0
      },
      "job_runtime": 60000,
      "usr_cpu": 5.921667,
      "sys_cpu": 25.573333,
      "ctx": 850695,
      "majf": 0,
      "minf": 14,
      "iodepth_level": {
        "1": 200.0,
        "2": 0.0,
        "4": 0.0,
        "8": 0.0,
        "16": 0.0,
        "32": 0.0,
        ">=64": 0.0
      },
      "iodepth_submit": {
        "0": 0.0,
        "4": 100.0,
        "8": 0.0,
        "16": 0.0,
        "32": 0.0,
        "64": 0.0,
        ">=64": 0.0
      },
      "iodepth_complete": {
        "0": 0.0,
        "4": 100.0,
        "8": 0.0,
        "16": 0.0,
        "32": 0.0,
        "64": 0.0,
        ">=64": 0.0
      },
      "latency_ns": {
        "2": 0.0,
        "4": 0.0,
        "10": 0.0,
        "20": 0.0,
        "50": 0.0,
        "100": 0.0,
        "250": 0.0,
        "500": 0.0,
        "750": 0.0,
        "1000": 0.0
      },
      "latency_us": {
        "2": 48.37233,
        "4": 20.721363,
        "10": 11.940077,
        "20": 18.717674,
        "50": 0.247807,
        "100": 0.01,
        "250": 0.01,
        "500": 0.0,
        "750": 0.0,
        "1000": 0.0
      },
      "latency_ms": {
        "2": 0.0,
        "4": 0.0,
        "10": 0.0,
        "20": 0.0,
        "50": 0.0,
        "100": 0.0,
        "250": 0.0,
        "500": 0.0,
        "750": 0.0,
        "1000": 0.0,
        "2000": 0.0,
        ">=2000": 0.0
      },
      "latency_depth": 1,
      "latency_target": 0,
      "latency_percentile": 100.0,
      "latency_window": 0
    }
  ],
  "disk_util": [
    {
      "name": "nvme1n1",
      "read_ios": 0,
      "write_ios": 0,
      "read_merges": 0,
      "write_merges": 0,
      "read_ticks": 0,
      "write_ticks": 0,
      "in_queue": 0,
      "util": 0.0
    }
  ]
}