{
  "fio version": "fio-3.16",
  "timestamp": 1758005933,
  "timestamp_ms": 1758005933705,
  "time": "Tue Sep 16 06:58:53 2025",
  "jobs": [
    {
      "jobname": "byte_addressable_512",
      "groupid": 0,
      "error": 0,
      "eta": 0,
      "elapsed": 61,
      "job options": {
        "name": "byte_addressable_512",
        "filename": "/samsung/byte_test.dat",
        "size": "1G",
        "bs": "512",
        "rw": "write",
        "ioengine": "sync",
        "direct": "0",
        "fdatasync": "1",
        "runtime": "60",
        "iodepth": "1",
        "numjobs": "1"
      },
      "read": {
        "io_bytes": 0,
        "io_kbytes": 0,
        "bw_bytes": 0,
        "bw": 0.0,
        "iops": 0.0,
        "runtime": 0,
        "total_ios": 0,
        "short_ios": 623610,
        "drop_ios": 0,
        "slat_ns": {
          "min": 0,
          "max": 0,
          "mean": 0.0,
          "stddev": 0.0
        },
        "clat_ns": {
          "min": 0,
          "max": 0,
          "mean": 0.0,
          "stddev": 0.0,
          "percentile": {
            "1.000000": 0,
            "5.000000": 0,
            "10.000000": 0,
            "20.000000": 0,
            "30.000000": 0,
            "40.000000": 0,
            "50.000000": 0,
            "60.000000": 0,
            "70.000000": 0,
            "80.000000": 0,
            "90.000000": 0,
            "95.000000": 0,
            "99.000000": 0,
            "99.500000": 0,
            "99.900000": 0,
            "99.950000": 0,
            "99.990000": 0
          }
        },
        "lat_ns": {
          "min": 0,
          "max": 0,
          "mean": 0.0,
          "stddev": 0.0
        },
        "bw_min": 0,
        "bw_max": 0,
        "bw_agg": 0.0,
        "bw_mean": 0.0,
        "bw_dev": 0.0,
        "bw_samples": 0,
        "iops_min": 0,
        "iops_max": 0,
        "iops_mean": 0.0,
        "iops_stddev": 0.0,
        "iops_samples": 0
      },
      "write": {
        "io_bytes": 319288320,
        "io_kbytes": 311805,
        "bw_bytes": 5321383,
        "bw": 6235.2,
        "iops": 12471.9921336,
        "runtime": 60001,
        "total_ios": 623610,
        "short_ios": 0,
        "drop_ios": 0,
        "slat_ns": {
          "min": 0,
          "max": 0,
          "mean": 0.0,
          "stddev": 0.0
        },
        "clat_ns": {
          "min": 1335,
          "max": 120060,
          "mean": 5219.772053,
          "stddev": 4674.940614,
          "percentile": {
            "1.000000": 1432,
            "5.000000": 1480,
            "10.000000": 1528,
            "20.000000": 1624,
            "30.000000": 1768,
            "40.000000": 2480,
            "50.000000": 2960,
            "60.000000": 3984,
            "70.000000": 4704,
            "80.000000": 10688,
            "90.000000": 11840,
            "95.000000": 14784,
            "99.000000": 18816,
            "99.500000": 20352,
            "99.900000": 23936,
            "99.950000": 26240,
            "99.990000": 33536
          }
        },
        "lat_ns": {
          "min": 1386,
          "max": 120705,
          "mean": 4524.337363333333,
          "stddev": 4874.269579
        },
        "bw_min": 3639,
        "bw_max": 8136,
        "bw_agg": 100.0,
        "bw_mean": 6240.736134,
        "bw_dev": 804.802535,
        "bw_samples": 119,
        "iops_min": 7278,
        "iops_max": 16272,
        "iops_mean": 12481.4722692,
        "iops_stddev": 1609.60507,
        "iops_samples": 119
      },
      "trim": {
        "io_bytes": 0,
        "io_kbytes": 0,
        "bw_bytes": 0,
        "bw": 0,
        "iops": 0.0,
        "runtime": 0,
        "total_ios": 0,
        "short_ios": 0,
        "drop_ios": 0,
        "slat_ns": {
          "min": 0,
          "max": 0,
          "mean": 0.0,
          "stddev": 0.0
        },
        "clat_ns": {
          "min": 0,
          "max": 0,
          "mean": 0.0,
          "stddev": 0.0,
          "percentile": {
            "1.000000": 0,
            "5.000000": 0,
            "10.000000": 0,
            "20.000000": 0,
            "30.000000": 0,
            "40.000000": 0,
            "50.000000": 0,
            "60.000000": 0,
            "70.000000": 0,
            "80.000000": 0,
            "90.000000": 0,
            "95.000000": 0,
            "99.000000": 0,
            "99.500000": 0,
            "99.900000": 0,
            "99.950000": 0,
            "99.990000": 0
          }
        },
        "lat_ns": {
          "min": 0,
          "max": 0,
          "mean": 0.0,
          "stddev": 0.0
        },
        "bw_min": 0,
        "bw_max": 0,
        "bw_agg": 0.0,
        "bw_mean": 0.0,
        "bw_dev": 0.0,
        "bw_samples": 0,
        "iops_min": 0,
        "iops_max": 0,
        "iops_mean": 0.0,
        "iops_stddev": 0.0,
        "iops_samples": 0
      },
      "sync": {
        "lat_ns": {
          "min": 21251,
          "max": 1026938,
          "mean": 88791.063873,
          "stddev": 105045.569305,
          "percentile": {
            "1.000000": 23680,
            "5.000000": 24192,
            "10.000000": 24448,
            "20.000000": 25216,
            "30.000000": 25728,
            "40.000000": 27264,
            "50.000000": 41728,
            "60.000000": 56576,
            "70.000000": 64768,
            "80.000000": 158720,
            "90.000000": 187392,
            "95.000000": 354304,
            "99.000000": 489472,
            "99.500000": 509952,
            "99.900000": 585728,
            "99.950000": 610304,
            "99.990000": 643072
          }
        },
        "total_ios": 0
      },
      "job_runtime": 60000,
      "usr_cpu": 5.186667,
      "sys_cpu": 26.401667,
      "ctx": 701589,
      "majf": 0,
      "minf": 14,
      "iodepth_level": {
        "1": 200.0,
        "2": 0.0,
        "4": 0.0,
        "8": 0.0,
        "16": 0.0,
        "32": 0.0,
        ">=64": 0.0
      },
      "iodepth_submit": {
        "0": 0.0,
        "4": 100.0,
        "8": 0.0,
        "16": 0.0,
        "32": 0.0,
        "64": 0.0,
        ">=64": 0.0
      },
      "iodepth_complete": {
        "0": 0.0,
        "4": 100.0,
        "8": 0.0,
        "16": 0.0,
        "32": 0.0,
        "64": 0.0,
        ">=64": 0.0
      },
      "latency_ns": {
        "2": 0.0,
        "4": 0.0,
        "10": 0.0,
        "20": 0.0,
        "50": 0.0,
        "100": 0.0,
        "250": 0.0,
        "500": 0.0,
        "750": 0.0,
        "1000": 0.0
      },
      "latency_us": {
        "2": 35.886371,
        "4": 24.224275,
        "10": 15.18882,
        "20": 24.057664,
        "50": 0.642068,
        "100": 0.01,
        "250": 0.01,
        "500": 0.0,
        "750": 0.0,
        "1000": 0.0
      },
      "latency_ms": {
        "2": 0.0,
        "4": 0.0,
        "10": 0.0,
        "20": 0.0,
        "50": 0.0,
        "100": 0.0,
        "250": 0.0,
        "500": 0.0,
        "750": 0.0,
        "1000": 0.0,
        "2000": 0.0,
        ">=2000": 0.0
      },
      "latency_depth": 1,
      "latency_target": 0,
      "latency_percentile": 100.0,
      "latency_window": 0
    }
  ],
  "disk_util": [
    {
      "name": "nvme1n1",
      "read_ios": 0,
      "write_ios": 0,
      "read_merges": 0,
      "write_merges": 0,
      "read_ticks": 0,
      "write_ticks": 0,
      "in_queue": 0,
      "util": 0.0
    }
  ]
}