{
  "fio version" : "fio-3.16",
  "timestamp" : 1758064602,
  "timestamp_ms" : 1758064602854,
  "time" : "Tue Sep 16 23:16:42 2025",
  "jobs" : [
    {
      "jobname" : "byte_addressable_128",
      "groupid" : 0,
      "error" : 0,
      "eta" : 0,
      "elapsed" : 61,
      "job options" : {
        "name" : "byte_addressable_128",
        "filename" : "/csd1000/byte_test.dat",
        "size" : "1G",
        "bs" : "128",
        "rw" : "write",
        "ioengine" : "sync",
        "direct" : "0",
        "fdatasync" : "1",
        "runtime" : "60",
        "iodepth" : "1",
        "numjobs" : "1"
      },
      "read" : {
        "io_bytes" : 0,
        "io_kbytes" : 0,
        "bw_bytes" : 0,
        "bw" : 0,
        "iops" : 0.000000,
        "runtime" : 0,
        "total_ios" : 0,
        "short_ios" : 571766,
        "drop_ios" : 0,
        "slat_ns" : {
          "min" : 0,
          "max" : 0,
          "mean" : 0.000000,
          "stddev" : 0.000000
        },
        "clat_ns" : {
          "min" : 0,
          "max" : 0,
          "mean" : 0.000000,
          "stddev" : 0.000000,
          "percentile" : {
            "1.000000" : 0,
            "5.000000" : 0,
            "10.000000" : 0,
            "20.000000" : 0,
            "30.000000" : 0,
            "40.000000" : 0,
            "50.000000" : 0,
            "60.000000" : 0,
            "70.000000" : 0,
            "80.000000" : 0,
            "90.000000" : 0,
            "95.000000" : 0,
            "99.000000" : 0,
            "99.500000" : 0,
            "99.900000" : 0,
            "99.950000" : 0,
            "99.990000" : 0
          }
        },
        "lat_ns" : {
          "min" : 0,
          "max" : 0,
          "mean" : 0.000000,
          "stddev" : 0.000000
        },
        "bw_min" : 0,
        "bw_max" : 0,
        "bw_agg" : 0.000000,
        "bw_mean" : 0.000000,
        "bw_dev" : 0.000000,
        "bw_samples" : 0,
        "iops_min" : 0,
        "iops_max" : 0,
        "iops_mean" : 0.000000,
        "iops_stddev" : 0.000000,
        "iops_samples" : 0
      },
      "write" : {
        "io_bytes" : 73186048,
        "io_kbytes" : 71470,
        "bw_bytes" : 1219747,
        "bw" : 1191,
        "iops" : 9529.274512,
        "runtime" : 60001,
        "total_ios" : 571766,
        "short_ios" : 0,
        "drop_ios" : 0,
        "slat_ns" : {
          "min" : 0,
          "max" : 0,
          "mean" : 0.000000,
          "stddev" : 0.000000
        },
        "clat_ns" : {
          "min" : 1397,
          "max" : 380454,
          "mean" : 4538.603899,
          "stddev" : 4150.528901,
          "percentile" : {
            "1.000000" : 1560,
            "5.000000" : 2832,
            "10.000000" : 2896,
            "20.000000" : 2960,
            "30.000000" : 2992,
            "40.000000" : 3024,
            "50.000000" : 3056,
            "60.000000" : 3184,
            "70.000000" : 3376,
            "80.000000" : 3696,
            "90.000000" : 7072,
            "95.000000" : 16064,
            "99.000000" : 19840,
            "99.500000" : 23680,
            "99.900000" : 28544,
            "99.950000" : 32128,
            "99.990000" : 41216
          }
        },
        "lat_ns" : {
          "min" : 1445,
          "max" : 380540,
          "mean" : 4674.773337,
          "stddev" : 4357.388455
        },
        "bw_min" : 499,
        "bw_max" : 2099,
        "bw_agg" : 99.599235,
        "bw_mean" : 1186.226891,
        "bw_dev" : 495.893244,
        "bw_samples" : 119,
        "iops_min" : 3992,
        "iops_max" : 16792,
        "iops_mean" : 9492.798319,
        "iops_stddev" : 3966.817291,
        "iops_samples" : 119
      },
      "trim" : {
        "io_bytes" : 0,
        "io_kbytes" : 0,
        "bw_bytes" : 0,
        "bw" : 0,
        "iops" : 0.000000,
        "runtime" : 0,
        "total_ios" : 0,
        "short_ios" : 0,
        "drop_ios" : 0,
        "slat_ns" : {
          "min" : 0,
          "max" : 0,
          "mean" : 0.000000,
          "stddev" : 0.000000
        },
        "clat_ns" : {
          "min" : 0,
          "max" : 0,
          "mean" : 0.000000,
          "stddev" : 0.000000,
          "percentile" : {
            "1.000000" : 0,
            "5.000000" : 0,
            "10.000000" : 0,
            "20.000000" : 0,
            "30.000000" : 0,
            "40.000000" : 0,
            "50.000000" : 0,
            "60.000000" : 0,
            "70.000000" : 0,
            "80.000000" : 0,
            "90.000000" : 0,
            "95.000000" : 0,
            "99.000000" : 0,
            "99.500000" : 0,
            "99.900000" : 0,
            "99.950000" : 0,
            "99.990000" : 0
          }
        },
        "lat_ns" : {
          "min" : 0,
          "max" : 0,
          "mean" : 0.000000,
          "stddev" : 0.000000
        },
        "bw_min" : 0,
        "bw_max" : 0,
        "bw_agg" : 0.000000,
        "bw_mean" : 0.000000,
        "bw_dev" : 0.000000,
        "bw_samples" : 0,
        "iops_min" : 0,
        "iops_max" : 0,
        "iops_mean" : 0.000000,
        "iops_stddev" : 0.000000,
        "iops_samples" : 0
      },
      "sync" : {
        "lat_ns" : {
          "min" : 15679,
          "max" : 2323632,
          "mean" : 98938.672618,
          "stddev" : 113449.633295,
          "percentile" : {
            "1.000000" : 17536,
            "5.000000" : 47360,
            "10.000000" : 47872,
            "20.000000" : 48896,
            "30.000000" : 49408,
            "40.000000" : 49408,
            "50.000000" : 50432,
            "60.000000" : 50944,
            "70.000000" : 52480,
            "80.000000" : 168960,
            "90.000000" : 220160,
            "95.000000" : 272384,
            "99.000000" : 675840,
            "99.500000" : 847872,
            "99.900000" : 1019904,
            "99.950000" : 1044480,
            "99.990000" : 1073152
          }
        },
        "total_ios" : 0
      },
      "job_runtime" : 60000,
      "usr_cpu" : 2.880000,
      "sys_cpu" : 33.205000,
      "ctx" : 590306,
      "majf" : 0,
      "minf" : 36,
      "iodepth_level" : {
        "1" : 200.000000,
        "2" : 0.000000,
        "4" : 0.000000,
        "8" : 0.000000,
        "16" : 0.000000,
        "32" : 0.000000,
        ">=64" : 0.000000
      },
      "iodepth_submit" : {
        "0" : 0.000000,
        "4" : 100.000000,
        "8" : 0.000000,
        "16" : 0.000000,
        "32" : 0.000000,
        "64" : 0.000000,
        ">=64" : 0.000000
      },
      "iodepth_complete" : {
        "0" : 0.000000,
        "4" : 100.000000,
        "8" : 0.000000,
        "16" : 0.000000,
        "32" : 0.000000,
        "64" : 0.000000,
        ">=64" : 0.000000
      },
      "latency_ns" : {
        "2" : 0.000000,
        "4" : 0.000000,
        "10" : 0.000000,
        "20" : 0.000000,
        "50" : 0.000000,
        "100" : 0.000000,
        "250" : 0.000000,
        "500" : 0.000000,
        "750" : 0.000000,
        "1000" : 0.000000
      },
      "latency_us" : {
        "2" : 1.278845,
        "4" : 81.434538,
        "10" : 7.913902,
        "20" : 8.401864,
        "50" : 0.967704,
        "100" : 0.010000,
        "250" : 0.010000,
        "500" : 0.010000,
        "750" : 0.000000,
        "1000" : 0.000000
      },
      "latency_ms" : {
        "2" : 0.000000,
        "4" : 0.000000,
        "10" : 0.000000,
        "20" : 0.000000,
        "50" : 0.000000,
        "100" : 0.000000,
        "250" : 0.000000,
        "500" : 0.000000,
        "750" : 0.000000,
        "1000" : 0.000000,
        "2000" : 0.000000,
        ">=2000" : 0.000000
      },
      "latency_depth" : 1,
      "latency_target" : 0,
      "latency_percentile" : 100.000000,
      "latency_window" : 0
    }
  ],
  "disk_util" : [
    {
      "name" : "sfd0n1",
      "read_ios" : 0,
      "write_ios" : 635171,
      "read_merges" : 0,
      "write_merges" : 0,
      "read_ticks" : 0,