{
  "fio version" : "fio-3.16",
  "timestamp" : 1758064407,
  "timestamp_ms" : 1758064407783,
  "time" : "Tue Sep 16 23:13:27 2025",
  "jobs" : [
    {
      "jobname" : "byte_addressable_16",
      "groupid" : 0,
      "error" : 0,
      "eta" : 0,
      "elapsed" : 61,
      "job options" : {
        "name" : "byte_addressable_16",
        "filename" : "/csd1000/byte_test.dat",
        "size" : "1G",
        "bs" : "16",
        "rw" : "write",
        "ioengine" : "sync",
        "direct" : "0",
        "fdatasync" : "1",
        "runtime" : "60",
        "iodepth" : "1",
        "numjobs" : "1"
      },
      "read" : {
        "io_bytes" : 0,
        "io_kbytes" : 0,
        "bw_bytes" : 0,
        "bw" : 0,
        "iops" : 0.000000,
        "runtime" : 0,
        "total_ios" : 0,
        "short_ios" : 705840,
        "drop_ios" : 0,
        "slat_ns" : {
          "min" : 0,
          "max" : 0,
          "mean" : 0.000000,
          "stddev" : 0.000000
        },
        "clat_ns" : {
          "min" : 0,
          "max" : 0,
          "mean" : 0.000000,
          "stddev" : 0.000000,
          "percentile" : {
            "1.000000" : 0,
            "5.000000" : 0,
            "10.000000" : 0,
            "20.000000" : 0,
            "30.000000" : 0,
            "40.000000" : 0,
            "50.000000" : 0,
            "60.000000" : 0,
            "70.000000" : 0,
            "80.000000" : 0,
            "90.000000" : 0,
            "95.000000" : 0,
            "99.000000" : 0,
            "99.500000" : 0,
            "99.900000" : 0,
            "99.950000" : 0,
            "99.990000" : 0
          }
        },
        "lat_ns" : {
          "min" : 0,
          "max" : 0,
          "mean" : 0.000000,
          "stddev" : 0.000000
        },
        "bw_min" : 0,
        "bw_max" : 0,
        "bw_agg" : 0.000000,
        "bw_mean" : 0.000000,
        "bw_dev" : 0.000000,
        "bw_samples" : 0,
        "iops_min" : 0,
        "iops_max" : 0,
        "iops_mean" : 0.000000,
        "iops_stddev" : 0.000000,
        "iops_samples" : 0
      },
      "write" : {
        "io_bytes" : 11293440,
        "io_kbytes" : 11028,
        "bw_bytes" : 188220,
        "bw" : 183,
        "iops" : 11763.803937,
        "runtime" : 60001,
        "total_ios" : 705840,
        "short_ios" : 0,
        "drop_ios" : 0,
        "slat_ns" : {
          "min" : 0,
          "max" : 0,
          "mean" : 0.000000,
          "stddev" : 0.000000
        },
        "clat_ns" : {
          "min" : 1134,
          "max" : 121359,
          "mean" : 4577.361700,
          "stddev" : 5177.294994,
          "percentile" : {
            "1.000000" : 1208,
            "5.000000" : 1240,
            "10.000000" : 1272,
            "20.000000" : 1352,
            "30.000000" : 2128,
            "40.000000" : 2192,
            "50.000000" : 2256,
            "60.000000" : 2448,
            "70.000000" : 2960,
            "80.000000" : 4128,
            "90.000000" : 15040,
            "95.000000" : 15424,
            "99.000000" : 19840,
            "99.500000" : 20608,
            "99.900000" : 23680,
            "99.950000" : 25984,
            "99.990000" : 33024
          }
        },
        "lat_ns" : {
          "min" : 1172,
          "max" : 122210,
          "mean" : 4779.718122,
          "stddev" : 5461.670768
        },
        "bw_min" : 66,
        "bw_max" : 690,
        "bw_agg" : 100.000000,
        "bw_mean" : 184.168067,
        "bw_dev" : 139.208922,
        "bw_samples" : 119,
        "iops_min" : 4250,
        "iops_max" : 44168,
        "iops_mean" : 11816.495798,
        "iops_stddev" : 8907.152277,
        "iops_samples" : 119
      },
      "trim" : {
        "io_bytes" : 0,
        "io_kbytes" : 0,
        "bw_bytes" : 0,
        "bw" : 0,
        "iops" : 0.000000,
        "runtime" : 0,
        "total_ios" : 0,
        "short_ios" : 0,
        "drop_ios" : 0,
        "slat_ns" : {
          "min" : 0,
          "max" : 0,
          "mean" : 0.000000,
          "stddev" : 0.000000
        },
        "clat_ns" : {
          "min" : 0,
          "max" : 0,
          "mean" : 0.000000,
          "stddev" : 0.000000,
          "percentile" : {
            "1.000000" : 0,
            "5.000000" : 0,
            "10.000000" : 0,
            "20.000000" : 0,
            "30.000000" : 0,
            "40.000000" : 0,
            "50.000000" : 0,
            "60.000000" : 0,
            "70.000000" : 0,
            "80.000000" : 0,
            "90.000000" : 0,
            "95.000000" : 0,
            "99.000000" : 0,
            "99.500000" : 0,
            "99.900000" : 0,
            "99.950000" : 0,
            "99.990000" : 0
          }
        },
        "lat_ns" : {
          "min" : 0,
          "max" : 0,
          "mean" : 0.000000,
          "stddev" : 0.000000
        },
        "bw_min" : 0,
        "bw_max" : 0,
        "bw_agg" : 0.000000,
        "bw_mean" : 0.000000,
        "bw_dev" : 0.000000,
        "bw_samples" : 0,
        "iops_min" : 0,
        "iops_max" : 0,
        "iops_mean" : 0.000000,
        "iops_stddev" : 0.000000,
        "iops_samples" : 0
      },
      "sync" : {
        "lat_ns" : {
          "min" : 14203,
          "max" : 1129256,
          "mean" : 78369.300096,
          "stddev" : 91169.672982,
          "percentile" : {
            "1.000000" : 15424,
            "5.000000" : 15680,
            "10.000000" : 15808,
            "20.000000" : 18048,
            "30.000000" : 32640,
            "40.000000" : 33024,
            "50.000000" : 33536,
            "60.000000" : 34560,
            "70.000000" : 48896,
            "80.000000" : 166912,
            "90.000000" : 234496,
            "95.000000" : 244736,
            "99.000000" : 272384,
            "99.500000" : 292864,
            "99.900000" : 716800,
            "99.950000" : 880640,
            "99.990000" : 954368
          }
        },
        "total_ios" : 0
      },
      "job_runtime" : 60000,
      "usr_cpu" : 4.945000,
      "sys_cpu" : 46.771667,
      "ctx" : 709015,
      "majf" : 0,
      "minf" : 24,
      "iodepth_level" : {
        "1" : 200.000000,
        "2" : 0.000000,
        "4" : 0.000000,
        "8" : 0.000000,
        "16" : 0.000000,
        "32" : 0.000000,
        ">=64" : 0.000000
      },
      "iodepth_submit" : {
        "0" : 0.000000,
        "4" : 100.000000,
        "8" : 0.000000,
        "16" : 0.000000,
        "32" : 0.000000,
        "64" : 0.000000,
        ">=64" : 0.000000
      },
      "iodepth_complete" : {
        "0" : 0.000000,
        "4" : 100.000000,
        "8" : 0.000000,
        "16" : 0.000000,
        "32" : 0.000000,
        "64" : 0.000000,
        ">=64" : 0.000000
      },
      "latency_ns" : {
        "2" : 0.000000,
        "4" : 0.000000,
        "10" : 0.000000,
        "20" : 0.000000,
        "50" : 0.000000,
        "100" : 0.000000,
        "250" : 0.000000,
        "500" : 0.000000,
        "750" : 0.000000,
        "1000" : 0.000000
      },
      "latency_us" : {
        "2" : 22.901932,
        "4" : 56.594271,
        "10" : 3.010314,
        "20" : 16.590020,
        "50" : 0.901762,
        "100" : 0.010000,
        "250" : 0.010000,
        "500" : 0.000000,
        "750" : 0.000000,
        "1000" : 0.000000
      },
      "latency_ms" : {
        "2" : 0.000000,
        "4" : 0.000000,
        "10" : 0.000000,
        "20" : 0.000000,
        "50" : 0.000000,
        "100" : 0.000000,
        "250" : 0.000000,
        "500" : 0.000000,
        "750" : 0.000000,
        "1000" : 0.000000,
        "2000" : 0.000000,
        ">=2000" : 0.000000
      },
      "latency_depth" : 1,
      "latency_target" : 0,
      "latency_percentile" : 100.000000,
      "latency_window" : 0
    }
  ],
  "disk_util" : [
    {
      "name" : "sfd0n1",
      "read_ios" : 0,
      "write_ios" : 716309,
      "read_merges" : 0,
      "write_merges" : 0,
      "read_ticks" : 0,