{
  "fio version" : "fio-3.16",
  "timestamp" : 1758064796,
  "timestamp_ms" : 1758064796943,
  "time" : "Tue Sep 16 23:19:56 2025",
  "jobs" : [
    {
      "jobname" : "byte_addressable_1k",
      "groupid" : 0,
      "error" : 0,
      "eta" : 0,
      "elapsed" : 61,
      "job options" : {
        "name" : "byte_addressable_1k",
        "filename" : "/csd1000/byte_test.dat",
        "size" : "1G",
        "bs" : "1k",
        "rw" : "write",
        "ioengine" : "sync",
        "direct" : "0",
        "fdatasync" : "1",
        "runtime" : "60",
        "iodepth" : "1",
        "numjobs" : "1"
      },
      "read" : {
        "io_bytes" : 0,
        "io_kbytes" : 0,
        "bw_bytes" : 0,
        "bw" : 0,
        "iops" : 0.000000,
        "runtime" : 0,
        "total_ios" : 0,
        "short_ios" : 180252,
        "drop_ios" : 0,
        "slat_ns" : {
          "min" : 0,
          "max" : 0,
          "mean" : 0.000000,
          "stddev" : 0.000000
        },
        "clat_ns" : {
          "min" : 0,
          "max" : 0,
          "mean" : 0.000000,
          "stddev" : 0.000000,
          "percentile" : {
            "1.000000" : 0,
            "5.000000" : 0,
            "10.000000" : 0,
            "20.000000" : 0,
            "30.000000" : 0,
            "40.000000" : 0,
            "50.000000" : 0,
            "60.000000" : 0,
            "70.000000" : 0,
            "80.000000" : 0,
            "90.000000" : 0,
            "95.000000" : 0,
            "99.000000" : 0,
            "99.500000" : 0,
            "99.900000" : 0,
            "99.950000" : 0,
            "99.990000" : 0
          }
        },
        "lat_ns" : {
          "min" : 0,
          "max" : 0,
          "mean" : 0.000000,
          "stddev" : 0.000000
        },
        "bw_min" : 0,
        "bw_max" : 0,
        "bw_agg" : 0.000000,
        "bw_mean" : 0.000000,
        "bw_dev" : 0.000000,
        "bw_samples" : 0,
        "iops_min" : 0,
        "iops_max" : 0,
        "iops_mean" : 0.000000,
        "iops_stddev" : 0.000000,
        "iops_samples" : 0
      },
      "write" : {
        "io_bytes" : 184579072,
        "io_kbytes" : 180253,
        "bw_bytes" : 3076266,
        "bw" : 3004,
        "iops" : 3004.166597,
        "runtime" : 60001,
        "total_ios" : 180253,
        "short_ios" : 0,
        "drop_ios" : 0,
        "slat_ns" : {
          "min" : 0,
          "max" : 0,
          "mean" : 0.000000,
          "stddev" : 0.000000
        },
        "clat_ns" : {
          "min" : 2052,
          "max" : 421156,
          "mean" : 14035.530355,
          "stddev" : 7905.471961,
          "percentile" : {
            "1.000000" : 2992,
            "5.000000" : 3600,
            "10.000000" : 3824,
            "20.000000" : 4512,
            "30.000000" : 6112,
            "40.000000" : 12608,
            "50.000000" : 15808,
            "60.000000" : 16768,
            "70.000000" : 19072,
            "80.000000" : 19840,
            "90.000000" : 24448,
            "95.000000" : 26496,
            "99.000000" : 32128,
            "99.500000" : 35072,
            "99.900000" : 43776,
            "99.950000" : 46336,
            "99.990000" : 57088
          }
        },
        "lat_ns" : {
          "min" : 2119,
          "max" : 422092,
          "mean" : 14557.786134,
          "stddev" : 8231.639097
        },
        "bw_min" : 2586,
        "bw_max" : 4888,
        "bw_agg" : 100.000000,
        "bw_mean" : 3004.025210,
        "bw_dev" : 307.422953,
        "bw_samples" : 119,
        "iops_min" : 2586,
        "iops_max" : 4888,
        "iops_mean" : 3004.025210,
        "iops_stddev" : 307.422953,
        "iops_samples" : 119
      },
      "trim" : {
        "io_bytes" : 0,
        "io_kbytes" : 0,
        "bw_bytes" : 0,
        "bw" : 0,
        "iops" : 0.000000,
        "runtime" : 0,
        "total_ios" : 0,
        "short_ios" : 0,
        "drop_ios" : 0,
        "slat_ns" : {
          "min" : 0,
          "max" : 0,
          "mean" : 0.000000,
          "stddev" : 0.000000
        },
        "clat_ns" : {
          "min" : 0,
          "max" : 0,
          "mean" : 0.000000,
          "stddev" : 0.000000,
          "percentile" : {
            "1.000000" : 0,
            "5.000000" : 0,
            "10.000000" : 0,
            "20.000000" : 0,
            "30.000000" : 0,
            "40.000000" : 0,
            "50.000000" : 0,
            "60.000000" : 0,
            "70.000000" : 0,
            "80.000000" : 0,
            "90.000000" : 0,
            "95.000000" : 0,
            "99.000000" : 0,
            "99.500000" : 0,
            "99.900000" : 0,
            "99.950000" : 0,
            "99.990000" : 0
          }
        },
        "lat_ns" : {
          "min" : 0,
          "max" : 0,
          "mean" : 0.000000,
          "stddev" : 0.000000
        },
        "bw_min" : 0,
        "bw_max" : 0,
        "bw_agg" : 0.000000,
        "bw_mean" : 0.000000,
        "bw_dev" : 0.000000,
        "bw_samples" : 0,
        "iops_min" : 0,
        "iops_max" : 0,
        "iops_mean" : 0.000000,
        "iops_stddev" : 0.000000,
        "iops_samples" : 0
      },
      "sync" : {
        "lat_ns" : {
          "min" : 18228,
          "max" : 1686353,
          "mean" : 313881.435995,
          "stddev" : 230075.991049,
          "percentile" : {
            "1.000000" : 49920,
            "5.000000" : 55040,
            "10.000000" : 154624,
            "20.000000" : 166912,
            "30.000000" : 175104,
            "40.000000" : 185344,
            "50.000000" : 232448,
            "60.000000" : 272384,
            "70.000000" : 280576,
            "80.000000" : 536576,
            "90.000000" : 675840,
            "95.000000" : 831488,
            "99.000000" : 1003520,
            "99.500000" : 1028096,
            "99.900000" : 1056768,
            "99.950000" : 1073152,
            "99.990000" : 1122304
          }
        },
        "total_ios" : 0
      },
      "job_runtime" : 60000,
      "usr_cpu" : 3.118333,
      "sys_cpu" : 24.785000,
      "ctx" : 225490,
      "majf" : 0,
      "minf" : 43,
      "iodepth_level" : {
        "1" : 199.999445,
        "2" : 0.000000,
        "4" : 0.000000,
        "8" : 0.000000,
        "16" : 0.000000,
        "32" : 0.000000,
        ">=64" : 0.000000
      },
      "iodepth_submit" : {
        "0" : 0.000000,
        "4" : 100.000000,
        "8" : 0.000000,
        "16" : 0.000000,
        "32" : 0.000000,
        "64" : 0.000000,
        ">=64" : 0.000000
      },
      "iodepth_complete" : {
        "0" : 0.000000,
        "4" : 100.000000,
        "8" : 0.000000,
        "16" : 0.000000,
        "32" : 0.000000,
        "64" : 0.000000,
        ">=64" : 0.000000
      },
      "latency_ns" : {
        "2" : 0.000000,
        "4" : 0.000000,
        "10" : 0.000000,
        "20" : 0.000000,
        "50" : 0.000000,
        "100" : 0.000000,
        "250" : 0.000000,
        "500" : 0.000000,
        "750" : 0.000000,
        "1000" : 0.000000
      },
      "latency_us" : {
        "2" : 0.000000,
        "4" : 12.828081,
        "10" : 18.323689,
        "20" : 50.710945,
        "50" : 18.110656,
        "100" : 0.023301,
        "250" : 0.010000,
        "500" : 0.010000,
        "750" : 0.000000,
        "1000" : 0.000000
      },
      "latency_ms" : {
        "2" : 0.000000,
        "4" : 0.000000,
        "10" : 0.000000,
        "20" : 0.000000,
        "50" : 0.000000,
        "100" : 0.000000,
        "250" : 0.000000,
        "500" : 0.000000,
        "750" : 0.000000,
        "1000" : 0.000000,
        "2000" : 0.000000,
        ">=2000" : 0.000000
      },
      "latency_depth" : 1,
      "latency_target" : 0,
      "latency_percentile" : 100.000000,
      "latency_window" : 0
    }
  ],
  "disk_util" : [
    {
      "name" : "sfd0n1",
      "read_ios" : 0,
      "write_ios" : 329901,
      "read_merges" : 0,
      "write_merges" : 0,