{
  "fio version" : "fio-3.16",
  "timestamp" : 1758064861,
  "timestamp_ms" : 1758064861495,
  "time" : "Tue Sep 16 23:21:01 2025",
  "jobs" : [
    {
      "jobname" : "byte_addressable_2k",
      "groupid" : 0,
      "error" : 0,
      "eta" : 0,
      "elapsed" : 61,
      "job options" : {
        "name" : "byte_addressable_2k",
        "filename" : "/csd1000/byte_test.dat",
        "size" : "1G",
        "bs" : "2k",
        "rw" : "write",
        "ioengine" : "sync",
        "direct" : "0",
        "fdatasync" : "1",
        "runtime" : "60",
        "iodepth" : "1",
        "numjobs" : "1"
      },
      "read" : {
        "io_bytes" : 0,
        "io_kbytes" : 0,
        "bw_bytes" : 0,
        "bw" : 0,
        "iops" : 0.000000,
        "runtime" : 0,
        "total_ios" : 0,
        "short_ios" : 119772,
        "drop_ios" : 0,
        "slat_ns" : {
          "min" : 0,
          "max" : 0,
          "mean" : 0.000000,
          "stddev" : 0.000000
        },
        "clat_ns" : {
          "min" : 0,
          "max" : 0,
          "mean" : 0.000000,
          "stddev" : 0.000000,
          "percentile" : {
            "1.000000" : 0,
            "5.000000" : 0,
            "10.000000" : 0,
            "20.000000" : 0,
            "30.000000" : 0,
            "40.000000" : 0,
            "50.000000" : 0,
            "60.000000" : 0,
            "70.000000" : 0,
            "80.000000" : 0,
            "90.000000" : 0,
            "95.000000" : 0,
            "99.000000" : 0,
            "99.500000" : 0,
            "99.900000" : 0,
            "99.950000" : 0,
            "99.990000" : 0
          }
        },
        "lat_ns" : {
          "min" : 0,
          "max" : 0,
          "mean" : 0.000000,
          "stddev" : 0.000000
        },
        "bw_min" : 0,
        "bw_max" : 0,
        "bw_agg" : 0.000000,
        "bw_mean" : 0.000000,
        "bw_dev" : 0.000000,
        "bw_samples" : 0,
        "iops_min" : 0,
        "iops_max" : 0,
        "iops_mean" : 0.000000,
        "iops_stddev" : 0.000000,
        "iops_samples" : 0
      },
      "write" : {
        "io_bytes" : 245293056,
        "io_kbytes" : 239544,
        "bw_bytes" : 4088149,
        "bw" : 3992,
        "iops" : 1996.166731,
        "runtime" : 60001,
        "total_ios" : 119772,
        "short_ios" : 0,
        "drop_ios" : 0,
        "slat_ns" : {
          "min" : 0,
          "max" : 0,
          "mean" : 0.000000,
          "stddev" : 0.000000
        },
        "clat_ns" : {
          "min" : 3900,
          "max" : 282370,
          "mean" : 21738.074283,
          "stddev" : 6021.114144,
          "percentile" : {
            "1.000000" : 5216,
            "5.000000" : 12608,
            "10.000000" : 12992,
            "20.000000" : 19072,
            "30.000000" : 19584,
            "40.000000" : 20096,
            "50.000000" : 20608,
            "60.000000" : 24448,
            "70.000000" : 25216,
            "80.000000" : 25984,
            "90.000000" : 27520,
            "95.000000" : 30848,
            "99.000000" : 36608,
            "99.500000" : 40704,
            "99.900000" : 47360,
            "99.950000" : 51456,
            "99.990000" : 66048
          }
        },
        "lat_ns" : {
          "min" : 4002,
          "max" : 283330,
          "mean" : 22547.115904,
          "stddev" : 6251.091008
        },
        "bw_min" : 3480,
        "bw_max" : 8596,
        "bw_agg" : 99.913061,
        "bw_mean" : 3988.529412,
        "bw_dev" : 534.891971,
        "bw_samples" : 119,
        "iops_min" : 1740,
        "iops_max" : 4298,
        "iops_mean" : 1994.260504,
        "iops_stddev" : 267.443023,
        "iops_samples" : 119
      },
      "trim" : {
        "io_bytes" : 0,
        "io_kbytes" : 0,
        "bw_bytes" : 0,
        "bw" : 0,
        "iops" : 0.000000,
        "runtime" : 0,
        "total_ios" : 0,
        "short_ios" : 0,
        "drop_ios" : 0,
        "slat_ns" : {
          "min" : 0,
          "max" : 0,
          "mean" : 0.000000,
          "stddev" : 0.000000
        },
        "clat_ns" : {
          "min" : 0,
          "max" : 0,
          "mean" : 0.000000,
          "stddev" : 0.000000,
          "percentile" : {
            "1.000000" : 0,
            "5.000000" : 0,
            "10.000000" : 0,
            "20.000000" : 0,
            "30.000000" : 0,
            "40.000000" : 0,
            "50.000000" : 0,
            "60.000000" : 0,
            "70.000000" : 0,
            "80.000000" : 0,
            "90.000000" : 0,
            "95.000000" : 0,
            "99.000000" : 0,
            "99.500000" : 0,
            "99.900000" : 0,
            "99.950000" : 0,
            "99.990000" : 0
          }
        },
        "lat_ns" : {
          "min" : 0,
          "max" : 0,
          "mean" : 0.000000,
          "stddev" : 0.000000
        },
        "bw_min" : 0,
        "bw_max" : 0,
        "bw_agg" : 0.000000,
        "bw_mean" : 0.000000,
        "bw_dev" : 0.000000,
        "bw_samples" : 0,
        "iops_min" : 0,
        "iops_max" : 0,
        "iops_mean" : 0.000000,
        "iops_stddev" : 0.000000,
        "iops_samples" : 0
      },
      "sync" : {
        "lat_ns" : {
          "min" : 22838,
          "max" : 1651794,
          "mean" : 471859.734721,
          "stddev" : 257821.661778,
          "percentile" : {
            "1.000000" : 39168,
            "5.000000" : 181248,
            "10.000000" : 187392,
            "20.000000" : 244736,
            "30.000000" : 272384,
            "40.000000" : 284672,
            "50.000000" : 313344,
            "60.000000" : 593920,
            "70.000000" : 651264,
            "80.000000" : 724992,
            "90.000000" : 806912,
            "95.000000" : 970752,
            "99.000000" : 1019904,
            "99.500000" : 1036288,
            "99.900000" : 1073152,
            "99.950000" : 1089536,
            "99.990000" : 1155072
          }
        },
        "total_ios" : 0
      },
      "job_runtime" : 60000,
      "usr_cpu" : 4.235000,
      "sys_cpu" : 23.365000,
      "ctx" : 179710,
      "majf" : 0,
      "minf" : 32,
      "iodepth_level" : {
        "1" : 200.000000,
        "2" : 0.000000,
        "4" : 0.000000,
        "8" : 0.000000,
        "16" : 0.000000,
        "32" : 0.000000,
        ">=64" : 0.000000
      },
      "iodepth_submit" : {
        "0" : 0.000000,
        "4" : 100.000000,
        "8" : 0.000000,
        "16" : 0.000000,
        "32" : 0.000000,
        "64" : 0.000000,
        ">=64" : 0.000000
      },
      "iodepth_complete" : {
        "0" : 0.000000,
        "4" : 100.000000,
        "8" : 0.000000,
        "16" : 0.000000,
        "32" : 0.000000,
        "64" : 0.000000,
        ">=64" : 0.000000
      },
      "latency_ns" : {
        "2" : 0.000000,
        "4" : 0.000000,
        "10" : 0.000000,
        "20" : 0.000000,
        "50" : 0.000000,
        "100" : 0.000000,
        "250" : 0.000000,
        "500" : 0.000000,
        "750" : 0.000000,
        "1000" : 0.000000
      },
      "latency_us" : {
        "2" : 0.000000,
        "4" : 0.010000,
        "10" : 2.376181,
        "20" : 34.382827,
        "50" : 63.180042,
        "100" : 0.055105,
        "250" : 0.010000,
        "500" : 0.010000,
        "750" : 0.000000,
        "1000" : 0.000000
      },
      "latency_ms" : {
        "2" : 0.000000,
        "4" : 0.000000,
        "10" : 0.000000,
        "20" : 0.000000,
        "50" : 0.000000,
        "100" : 0.000000,
        "250" : 0.000000,
        "500" : 0.000000,
        "750" : 0.000000,
        "1000" : 0.000000,
        "2000" : 0.000000,
        ">=2000" : 0.000000
      },
      "latency_depth" : 1,
      "latency_target" : 0,
      "latency_percentile" : 100.000000,
      "latency_window" : 0
    }
  ],
  "disk_util" : [
    {
      "name" : "sfd0n1",
      "read_ios" : 0,
      "write_ios" : 313804,
      "read_merges" : 0,
      "write_merges" : 0,