{
  "fio version" : "fio-3.16",
  "timestamp" : 1758064668,
  "timestamp_ms" : 1758064668036,
  "time" : "Tue Sep 16 23:17:48 2025",
  "jobs" : [
    {
      "jobname" : "byte_addressable_256",
      "groupid" : 0,
      "error" : 0,
      "eta" : 0,
      "elapsed" : 61,
      "job options" : {
        "name" : "byte_addressable_256",
        "filename" : "/csd1000/byte_test.dat",
        "size" : "1G",
        "bs" : "256",
        "rw" : "write",
        "ioengine" : "sync",
        "direct" : "0",
        "fdatasync" : "1",
        "runtime" : "60",
        "iodepth" : "1",
        "numjobs" : "1"
      },
      "read" : {
        "io_bytes" : 0,
        "io_kbytes" : 0,
        "bw_bytes" : 0,
        "bw" : 0,
        "iops" : 0.000000,
        "runtime" : 0,
        "total_ios" : 0,
        "short_ios" : 470358,
        "drop_ios" : 0,
        "slat_ns" : {
          "min" : 0,
          "max" : 0,
          "mean" : 0.000000,
          "stddev" : 0.000000
        },
        "clat_ns" : {
          "min" : 0,
          "max" : 0,
          "mean" : 0.000000,
          "stddev" : 0.000000,
          "percentile" : {
            "1.000000" : 0,
            "5.000000" : 0,
            "10.000000" : 0,
            "20.000000" : 0,
            "30.000000" : 0,
            "40.000000" : 0,
            "50.000000" : 0,
            "60.000000" : 0,
            "70.000000" : 0,
            "80.000000" : 0,
            "90.000000" : 0,
            "95.000000" : 0,
            "99.000000" : 0,
            "99.500000" : 0,
            "99.900000" : 0,
            "99.950000" : 0,
            "99.990000" : 0
          }
        },
        "lat_ns" : {
          "min" : 0,
          "max" : 0,
          "mean" : 0.000000,
          "stddev" : 0.000000
        },
        "bw_min" : 0,
        "bw_max" : 0,
        "bw_agg" : 0.000000,
        "bw_mean" : 0.000000,
        "bw_dev" : 0.000000,
        "bw_samples" : 0,
        "iops_min" : 0,
        "iops_max" : 0,
        "iops_mean" : 0.000000,
        "iops_stddev" : 0.000000,
        "iops_samples" : 0
      },
      "write" : {
        "io_bytes" : 120411648,
        "io_kbytes" : 117589,
        "bw_bytes" : 2006827,
        "bw" : 1959,
        "iops" : 7839.169347,
        "runtime" : 60001,
        "total_ios" : 470358,
        "short_ios" : 0,
        "drop_ios" : 0,
        "slat_ns" : {
          "min" : 0,
          "max" : 0,
          "mean" : 0.000000,
          "stddev" : 0.000000
        },
        "clat_ns" : {
          "min" : 1320,
          "max" : 219473,
          "mean" : 5676.152639,
          "stddev" : 6041.961589,
          "percentile" : {
            "1.000000" : 1656,
            "5.000000" : 1688,
            "10.000000" : 1720,
            "20.000000" : 1848,
            "30.000000" : 2320,
            "40.000000" : 2448,
            "50.000000" : 2736,
            "60.000000" : 3152,
            "70.000000" : 4080,
            "80.000000" : 11712,
            "90.000000" : 15936,
            "95.000000" : 17024,
            "99.000000" : 24448,
            "99.500000" : 26240,
            "99.900000" : 30592,
            "99.950000" : 34048,
            "99.990000" : 43264
          }
        },
        "lat_ns" : {
          "min" : 1362,
          "max" : 219542,
          "mean" : 5903.638650,
          "stddev" : 6348.025999
        },
        "bw_min" : 899,
        "bw_max" : 5476,
        "bw_agg" : 99.504120,
        "bw_mean" : 1949.285714,
        "bw_dev" : 1198.803083,
        "bw_samples" : 119,
        "iops_min" : 3598,
        "iops_max" : 21906,
        "iops_mean" : 7798.033613,
        "iops_stddev" : 4795.156094,
        "iops_samples" : 119
      },
      "trim" : {
        "io_bytes" : 0,
        "io_kbytes" : 0,
        "bw_bytes" : 0,
        "bw" : 0,
        "iops" : 0.000000,
        "runtime" : 0,
        "total_ios" : 0,
        "short_ios" : 0,
        "drop_ios" : 0,
        "slat_ns" : {
          "min" : 0,
          "max" : 0,
          "mean" : 0.000000,
          "stddev" : 0.000000
        },
        "clat_ns" : {
          "min" : 0,
          "max" : 0,
          "mean" : 0.000000,
          "stddev" : 0.000000,
          "percentile" : {
            "1.000000" : 0,
            "5.000000" : 0,
            "10.000000" : 0,
            "20.000000" : 0,
            "30.000000" : 0,
            "40.000000" : 0,
            "50.000000" : 0,
            "60.000000" : 0,
            "70.000000" : 0,
            "80.000000" : 0,
            "90.000000" : 0,
            "95.000000" : 0,
            "99.000000" : 0,
            "99.500000" : 0,
            "99.900000" : 0,
            "99.950000" : 0,
            "99.990000" : 0
          }
        },
        "lat_ns" : {
          "min" : 0,
          "max" : 0,
          "mean" : 0.000000,
          "stddev" : 0.000000
        },
        "bw_min" : 0,
        "bw_max" : 0,
        "bw_agg" : 0.000000,
        "bw_mean" : 0.000000,
        "bw_dev" : 0.000000,
        "bw_samples" : 0,
        "iops_min" : 0,
        "iops_max" : 0,
        "iops_mean" : 0.000000,
        "iops_stddev" : 0.000000,
        "iops_samples" : 0
      },
      "sync" : {
        "lat_ns" : {
          "min" : 16043,
          "max" : 1175842,
          "mean" : 119526.667879,
          "stddev" : 161505.912731,
          "percentile" : {
            "1.000000" : 18048,
            "5.000000" : 18048,
            "10.000000" : 18304,
            "20.000000" : 19328,
            "30.000000" : 34560,
            "40.000000" : 35584,
            "50.000000" : 47360,
            "60.000000" : 51456,
            "70.000000" : 162816,
            "80.000000" : 232448,
            "90.000000" : 257024,
            "95.000000" : 378880,
            "99.000000" : 929792,
            "99.500000" : 1003520,
            "99.900000" : 1056768,
            "99.950000" : 1073152,
            "99.990000" : 1105920
          }
        },
        "total_ios" : 0
      },
      "job_runtime" : 60000,
      "usr_cpu" : 4.875000,
      "sys_cpu" : 33.861667,
      "ctx" : 500249,
      "majf" : 0,
      "minf" : 31,
      "iodepth_level" : {
        "1" : 200.000000,
        "2" : 0.000000,
        "4" : 0.000000,
        "8" : 0.000000,
        "16" : 0.000000,
        "32" : 0.000000,
        ">=64" : 0.000000
      },
      "iodepth_submit" : {
        "0" : 0.000000,
        "4" : 100.000000,
        "8" : 0.000000,
        "16" : 0.000000,
        "32" : 0.000000,
        "64" : 0.000000,
        ">=64" : 0.000000
      },
      "iodepth_complete" : {
        "0" : 0.000000,
        "4" : 100.000000,
        "8" : 0.000000,
        "16" : 0.000000,
        "32" : 0.000000,
        "64" : 0.000000,
        ">=64" : 0.000000
      },
      "latency_ns" : {
        "2" : 0.000000,
        "4" : 0.000000,
        "10" : 0.000000,
        "20" : 0.000000,
        "50" : 0.000000,
        "100" : 0.000000,
        "250" : 0.000000,
        "500" : 0.000000,
        "750" : 0.000000,
        "1000" : 0.000000
      },
      "latency_us" : {
        "2" : 21.900127,
        "4" : 47.690057,
        "10" : 9.568669,
        "20" : 18.103019,
        "50" : 2.734513,
        "100" : 0.010000,
        "250" : 0.010000,
        "500" : 0.000000,
        "750" : 0.000000,
        "1000" : 0.000000
      },
      "latency_ms" : {
        "2" : 0.000000,
        "4" : 0.000000,
        "10" : 0.000000,
        "20" : 0.000000,
        "50" : 0.000000,
        "100" : 0.000000,
        "250" : 0.000000,
        "500" : 0.000000,
        "750" : 0.000000,
        "1000" : 0.000000,
        "2000" : 0.000000,
        ">=2000" : 0.000000
      },
      "latency_depth" : 1,
      "latency_target" : 0,
      "latency_percentile" : 100.000000,
      "latency_window" : 0
    }
  ],
  "disk_util" : [
    {
      "name" : "sfd0n1",
      "read_ios" : 0,
      "write_ios" : 572522,
      "read_merges" : 0,
      "write_merges" : 0,
      "read_ticks" : 0,