{
  "fio version" : "fio-3.16",
  "timestamp" : 1758064473,
  "timestamp_ms" : 1758064473167,
  "time" : "Tue Sep 16 23:14:33 2025",
  "jobs" : [
    {
      "jobname" : "byte_addressable_32",
      "groupid" : 0,
      "error" : 0,
      "eta" : 0,
      "elapsed" : 61,
      "job options" : {
        "name" : "byte_addressable_32",
        "filename" : "/csd1000/byte_test.dat",
        "size" : "1G",
        "bs" : "32",
        "rw" : "write",
        "ioengine" : "sync",
        "direct" : "0",
        "fdatasync" : "1",
        "runtime" : "60",
        "iodepth" : "1",
        "numjobs" : "1"
      },
      "read" : {
        "io_bytes" : 0,
        "io_kbytes" : 0,
        "bw_bytes" : 0,
        "bw" : 0,
        "iops" : 0.000000,
        "runtime" : 0,
        "total_ios" : 0,
        "short_ios" : 693022,
        "drop_ios" : 0,
        "slat_ns" : {
          "min" : 0,
          "max" : 0,
          "mean" : 0.000000,
          "stddev" : 0.000000
        },
        "clat_ns" : {
          "min" : 0,
          "max" : 0,
          "mean" : 0.000000,
          "stddev" : 0.000000,
          "percentile" : {
            "1.000000" : 0,
            "5.000000" : 0,
            "10.000000" : 0,
            "20.000000" : 0,
            "30.000000" : 0,
            "40.000000" : 0,
            "50.000000" : 0,
            "60.000000" : 0,
            "70.000000" : 0,
            "80.000000" : 0,
            "90.000000" : 0,
            "95.000000" : 0,
            "99.000000" : 0,
            "99.500000" : 0,
            "99.900000" : 0,
            "99.950000" : 0,
            "99.990000" : 0
          }
        },
        "lat_ns" : {
          "min" : 0,
          "max" : 0,
          "mean" : 0.000000,
          "stddev" : 0.000000
        },
        "bw_min" : 0,
        "bw_max" : 0,
        "bw_agg" : 0.000000,
        "bw_mean" : 0.000000,
        "bw_dev" : 0.000000,
        "bw_samples" : 0,
        "iops_min" : 0,
        "iops_max" : 0,
        "iops_mean" : 0.000000,
        "iops_stddev" : 0.000000,
        "iops_samples" : 0
      },
      "write" : {
        "io_bytes" : 22176704,
        "io_kbytes" : 21656,
        "bw_bytes" : 369605,
        "bw" : 360,
        "iops" : 11550.174164,
        "runtime" : 60001,
        "total_ios" : 693022,
        "short_ios" : 0,
        "drop_ios" : 0,
        "slat_ns" : {
          "min" : 0,
          "max" : 0,
          "mean" : 0.000000,
          "stddev" : 0.000000
        },
        "clat_ns" : {
          "min" : 1203,
          "max" : 68570,
          "mean" : 4548.555238,
          "stddev" : 5008.448609,
          "percentile" : {
            "1.000000" : 1304,
            "5.000000" : 1336,
            "10.000000" : 1400,
            "20.000000" : 2096,
            "30.000000" : 2160,
            "40.000000" : 2224,
            "50.000000" : 2544,
            "60.000000" : 2896,
            "70.000000" : 3024,
            "80.000000" : 3504,
            "90.000000" : 15424,
            "95.000000" : 15936,
            "99.000000" : 20096,
            "99.500000" : 21376,
            "99.900000" : 25472,
            "99.950000" : 27776,
            "99.990000" : 35584
          }
        },
        "lat_ns" : {
          "min" : 1243,
          "max" : 69734,
          "mean" : 4734.800187,
          "stddev" : 5282.260654
        },
        "bw_min" : 130,
        "bw_max" : 1361,
        "bw_agg" : 100.000000,
        "bw_mean" : 362.411765,
        "bw_dev" : 237.332685,
        "bw_samples" : 119,
        "iops_min" : 4176,
        "iops_max" : 43554,
        "iops_mean" : 11610.915966,
        "iops_stddev" : 7593.473060,
        "iops_samples" : 119
      },
      "trim" : {
        "io_bytes" : 0,
        "io_kbytes" : 0,
        "bw_bytes" : 0,
        "bw" : 0,
        "iops" : 0.000000,
        "runtime" : 0,
        "total_ios" : 0,
        "short_ios" : 0,
        "drop_ios" : 0,
        "slat_ns" : {
          "min" : 0,
          "max" : 0,
          "mean" : 0.000000,
          "stddev" : 0.000000
        },
        "clat_ns" : {
          "min" : 0,
          "max" : 0,
          "mean" : 0.000000,
          "stddev" : 0.000000,
          "percentile" : {
            "1.000000" : 0,
            "5.000000" : 0,
            "10.000000" : 0,
            "20.000000" : 0,
            "30.000000" : 0,
            "40.000000" : 0,
            "50.000000" : 0,
            "60.000000" : 0,
            "70.000000" : 0,
            "80.000000" : 0,
            "90.000000" : 0,
            "95.000000" : 0,
            "99.000000" : 0,
            "99.500000" : 0,
            "99.900000" : 0,
            "99.950000" : 0,
            "99.990000" : 0
          }
        },
        "lat_ns" : {
          "min" : 0,
          "max" : 0,
          "mean" : 0.000000,
          "stddev" : 0.000000
        },
        "bw_min" : 0,
        "bw_max" : 0,
        "bw_agg" : 0.000000,
        "bw_mean" : 0.000000,
        "bw_dev" : 0.000000,
        "bw_samples" : 0,
        "iops_min" : 0,
        "iops_max" : 0,
        "iops_mean" : 0.000000,
        "iops_stddev" : 0.000000,
        "iops_samples" : 0
      },
      "sync" : {
        "lat_ns" : {
          "min" : 14570,
          "max" : 1327109,
          "mean" : 80105.639814,
          "stddev" : 94339.307375,
          "percentile" : {
            "1.000000" : 15680,
            "5.000000" : 15936,
            "10.000000" : 16768,
            "20.000000" : 33024,
            "30.000000" : 33536,
            "40.000000" : 34048,
            "50.000000" : 37120,
            "60.000000" : 48384,
            "70.000000" : 49920,
            "80.000000" : 158720,
            "90.000000" : 232448,
            "95.000000" : 242688,
            "99.000000" : 284672,
            "99.500000" : 651264,
            "99.900000" : 888832,
            "99.950000" : 1003520,
            "99.990000" : 1073152
          }
        },
        "total_ios" : 0
      },
      "job_runtime" : 60000,
      "usr_cpu" : 4.126667,
      "sys_cpu" : 45.308333,
      "ctx" : 699102,
      "majf" : 0,
      "minf" : 26,
      "iodepth_level" : {
        "1" : 200.000000,
        "2" : 0.000000,
        "4" : 0.000000,
        "8" : 0.000000,
        "16" : 0.000000,
        "32" : 0.000000,
        ">=64" : 0.000000
      },
      "iodepth_submit" : {
        "0" : 0.000000,
        "4" : 100.000000,
        "8" : 0.000000,
        "16" : 0.000000,
        "32" : 0.000000,
        "64" : 0.000000,
        ">=64" : 0.000000
      },
      "iodepth_complete" : {
        "0" : 0.000000,
        "4" : 100.000000,
        "8" : 0.000000,
        "16" : 0.000000,
        "32" : 0.000000,
        "64" : 0.000000,
        ">=64" : 0.000000
      },
      "latency_ns" : {
        "2" : 0.000000,
        "4" : 0.000000,
        "10" : 0.000000,
        "20" : 0.000000,
        "50" : 0.000000,
        "100" : 0.000000,
        "250" : 0.000000,
        "500" : 0.000000,
        "750" : 0.000000,
        "1000" : 0.000000
      },
      "latency_us" : {
        "2" : 12.018233,
        "4" : 70.068338,
        "10" : 2.841613,
        "20" : 14.034331,
        "50" : 1.036475,
        "100" : 0.010000,
        "250" : 0.000000,
        "500" : 0.000000,
        "750" : 0.000000,
        "1000" : 0.000000
      },
      "latency_ms" : {
        "2" : 0.000000,
        "4" : 0.000000,
        "10" : 0.000000,
        "20" : 0.000000,
        "50" : 0.000000,
        "100" : 0.000000,
        "250" : 0.000000,
        "500" : 0.000000,
        "750" : 0.000000,
        "1000" : 0.000000,
        "2000" : 0.000000,
        ">=2000" : 0.000000
      },
      "latency_depth" : 1,
      "latency_target" : 0,
      "latency_percentile" : 100.000000,
      "latency_window" : 0
    }
  ],
  "disk_util" : [
    {
      "name" : "sfd0n1",
      "read_ios" : 0,
      "write_ios" : 714047,
      "read_merges" : 0,
      "write_merges" : 0,
      "read_ticks" : 0,