{
  "fio version" : "fio-3.16",
  "timestamp" : 1758064926,
  "timestamp_ms" : 1758064926044,
  "time" : "Tue Sep 16 23:22:06 2025",
  "jobs" : [
    {
      "jobname" : "byte_addressable_4k",
      "groupid" : 0,
      "error" : 0,
      "eta" : 0,
      "elapsed" : 61,
      "job options" : {
        "name" : "byte_addressable_4k",
        "filename" : "/csd1000/byte_test.dat",
        "size" : "1G",
        "bs" : "4k",
        "rw" : "write",
        "ioengine" : "sync",
        "direct" : "0",
        "fdatasync" : "1",
        "runtime" : "60",
        "iodepth" : "1",
        "numjobs" : "1"
      },
      "read" : {
        "io_bytes" : 0,
        "io_kbytes" : 0,
        "bw_bytes" : 0,
        "bw" : 0,
        "iops" : 0.000000,
        "runtime" : 0,
        "total_ios" : 0,
        "short_ios" : 90029,
        "drop_ios" : 0,
        "slat_ns" : {
          "min" : 0,
          "max" : 0,
          "mean" : 0.000000,
          "stddev" : 0.000000
        },
        "clat_ns" : {
          "min" : 0,
          "max" : 0,
          "mean" : 0.000000,
          "stddev" : 0.000000,
          "percentile" : {
            "1.000000" : 0,
            "5.000000" : 0,
            "10.000000" : 0,
            "20.000000" : 0,
            "30.000000" : 0,
            "40.000000" : 0,
            "50.000000" : 0,
            "60.000000" : 0,
            "70.000000" : 0,
            "80.000000" : 0,
            "90.000000" : 0,
            "95.000000" : 0,
            "99.000000" : 0,
            "99.500000" : 0,
            "99.900000" : 0,
            "99.950000" : 0,
            "99.990000" : 0
          }
        },
        "lat_ns" : {
          "min" : 0,
          "max" : 0,
          "mean" : 0.000000,
          "stddev" : 0.000000
        },
        "bw_min" : 0,
        "bw_max" : 0,
        "bw_agg" : 0.000000,
        "bw_mean" : 0.000000,
        "bw_dev" : 0.000000,
        "bw_samples" : 0,
        "iops_min" : 0,
        "iops_max" : 0,
        "iops_mean" : 0.000000,
        "iops_stddev" : 0.000000,
        "iops_samples" : 0
      },
      "write" : {
        "io_bytes" : 368758784,
        "io_kbytes" : 360116,
        "bw_bytes" : 6145877,
        "bw" : 6001,
        "iops" : 1500.458326,
        "runtime" : 60001,
        "total_ios" : 90029,
        "short_ios" : 0,
        "drop_ios" : 0,
        "slat_ns" : {
          "min" : 0,
          "max" : 0,
          "mean" : 0.000000,
          "stddev" : 0.000000
        },
        "clat_ns" : {
          "min" : 5164,
          "max" : 243890,
          "mean" : 27372.099901,
          "stddev" : 9524.791667,
          "percentile" : {
            "1.000000" : 6112,
            "5.000000" : 6496,
            "10.000000" : 6816,
            "20.000000" : 27008,
            "30.000000" : 27776,
            "40.000000" : 28288,
            "50.000000" : 28800,
            "60.000000" : 29312,
            "70.000000" : 29824,
            "80.000000" : 34048,
            "90.000000" : 36608,
            "95.000000" : 38144,
            "99.000000" : 47872,
            "99.500000" : 51456,
            "99.900000" : 59648,
            "99.950000" : 67072,
            "99.990000" : 79360
          }
        },
        "lat_ns" : {
          "min" : 5265,
          "max" : 244946,
          "mean" : 28232.797310,
          "stddev" : 9819.170745
        },
        "bw_min" : 4848,
        "bw_max" : 27584,
        "bw_agg" : 100.000000,
        "bw_mean" : 6004.554622,
        "bw_dev" : 3807.178426,
        "bw_samples" : 119,
        "iops_min" : 1212,
        "iops_max" : 6896,
        "iops_mean" : 1501.134454,
        "iops_stddev" : 951.795386,
        "iops_samples" : 119
      },
      "trim" : {
        "io_bytes" : 0,
        "io_kbytes" : 0,
        "bw_bytes" : 0,
        "bw" : 0,
        "iops" : 0.000000,
        "runtime" : 0,
        "total_ios" : 0,
        "short_ios" : 0,
        "drop_ios" : 0,
        "slat_ns" : {
          "min" : 0,
          "max" : 0,
          "mean" : 0.000000,
          "stddev" : 0.000000
        },
        "clat_ns" : {
          "min" : 0,
          "max" : 0,
          "mean" : 0.000000,
          "stddev" : 0.000000,
          "percentile" : {
            "1.000000" : 0,
            "5.000000" : 0,
            "10.000000" : 0,
            "20.000000" : 0,
            "30.000000" : 0,
            "40.000000" : 0,
            "50.000000" : 0,
            "60.000000" : 0,
            "70.000000" : 0,
            "80.000000" : 0,
            "90.000000" : 0,
            "95.000000" : 0,
            "99.000000" : 0,
            "99.500000" : 0,
            "99.900000" : 0,
            "99.950000" : 0,
            "99.990000" : 0
          }
        },
        "lat_ns" : {
          "min" : 0,
          "max" : 0,
          "mean" : 0.000000,
          "stddev" : 0.000000
        },
        "bw_min" : 0,
        "bw_max" : 0,
        "bw_agg" : 0.000000,
        "bw_mean" : 0.000000,
        "bw_dev" : 0.000000,
        "bw_samples" : 0,
        "iops_min" : 0,
        "iops_max" : 0,
        "iops_mean" : 0.000000,
        "iops_stddev" : 0.000000,
        "iops_samples" : 0
      },
      "sync" : {
        "lat_ns" : {
          "min" : 120965,
          "max" : 1596435,
          "mean" : 631411.033700,
          "stddev" : 229777.878291,
          "percentile" : {
            "1.000000" : 134144,
            "5.000000" : 136192,
            "10.000000" : 138240,
            "20.000000" : 569344,
            "30.000000" : 626688,
            "40.000000" : 651264,
            "50.000000" : 667648,
            "60.000000" : 700416,
            "70.000000" : 733184,
            "80.000000" : 757760,
            "90.000000" : 888832,
            "95.000000" : 978944,
            "99.000000" : 1019904,
            "99.500000" : 1036288,
            "99.900000" : 1073152,
            "99.950000" : 1089536,
            "99.990000" : 1171456
          }
        },
        "total_ios" : 0
      },
      "job_runtime" : 60000,
      "usr_cpu" : 4.305000,
      "sys_cpu" : 20.440000,
      "ctx" : 180149,
      "majf" : 0,
      "minf" : 38,
      "iodepth_level" : {
        "1" : 200.000000,
        "2" : 0.000000,
        "4" : 0.000000,
        "8" : 0.000000,
        "16" : 0.000000,
        "32" : 0.000000,
        ">=64" : 0.000000
      },
      "iodepth_submit" : {
        "0" : 0.000000,
        "4" : 100.000000,
        "8" : 0.000000,
        "16" : 0.000000,
        "32" : 0.000000,
        "64" : 0.000000,
        ">=64" : 0.000000
      },
      "iodepth_complete" : {
        "0" : 0.000000,
        "4" : 100.000000,
        "8" : 0.000000,
        "16" : 0.000000,
        "32" : 0.000000,
        "64" : 0.000000,
        ">=64" : 0.000000
      },
      "latency_ns" : {
        "2" : 0.000000,
        "4" : 0.000000,
        "10" : 0.000000,
        "20" : 0.000000,
        "50" : 0.000000,
        "100" : 0.000000,
        "250" : 0.000000,
        "500" : 0.000000,
        "750" : 0.000000,
        "1000" : 0.000000
      },
      "latency_us" : {
        "2" : 0.000000,
        "4" : 0.000000,
        "10" : 14.095458,
        "20" : 0.314343,
        "50" : 84.915972,
        "100" : 0.672006,
        "250" : 0.010000,
        "500" : 0.000000,
        "750" : 0.000000,
        "1000" : 0.000000
      },
      "latency_ms" : {
        "2" : 0.000000,
        "4" : 0.000000,
        "10" : 0.000000,
        "20" : 0.000000,
        "50" : 0.000000,
        "100" : 0.000000,
        "250" : 0.000000,
        "500" : 0.000000,
        "750" : 0.000000,
        "1000" : 0.000000,
        "2000" : 0.000000,
        ">=2000" : 0.000000
      },
      "latency_depth" : 1,
      "latency_target" : 0,
      "latency_percentile" : 100.000000,
      "latency_window" : 0
    }
  ],
  "disk_util" : [
    {
      "name" : "sfd0n1",
      "read_ios" : 0,
      "write_ios" : 374503,
      "read_merges" : 0,
      "write_merges" : 0,