{
  "fio version" : "fio-3.16",
  "timestamp" : 1758064732,
  "timestamp_ms" : 1758064732437,
  "time" : "Tue Sep 16 23:18:52 2025",
  "jobs" : [
    {
      "jobname" : "byte_addressable_512",
      "groupid" : 0,
      "error" : 0,
      "eta" : 0,
      "elapsed" : 61,
      "job options" : {
        "name" : "byte_addressable_512",
        "filename" : "/csd1000/byte_test.dat",
        "size" : "1G",
        "bs" : "512",
        "rw" : "write",
        "ioengine" : "sync",
        "direct" : "0",
        "fdatasync" : "1",
        "runtime" : "60",
        "iodepth" : "1",
        "numjobs" : "1"
      },
      "read" : {
        "io_bytes" : 0,
        "io_kbytes" : 0,
        "bw_bytes" : 0,
        "bw" : 0,
        "iops" : 0.000000,
        "runtime" : 0,
        "total_ios" : 0,
        "short_ios" : 287290,
        "drop_ios" : 0,
        "slat_ns" : {
          "min" : 0,
          "max" : 0,
          "mean" : 0.000000,
          "stddev" : 0.000000
        },
        "clat_ns" : {
          "min" : 0,
          "max" : 0,
          "mean" : 0.000000,
          "stddev" : 0.000000,
          "percentile" : {
            "1.000000" : 0,
            "5.000000" : 0,
            "10.000000" : 0,
            "20.000000" : 0,
            "30.000000" : 0,
            "40.000000" : 0,
            "50.000000" : 0,
            "60.000000" : 0,
            "70.000000" : 0,
            "80.000000" : 0,
            "90.000000" : 0,
            "95.000000" : 0,
            "99.000000" : 0,
            "99.500000" : 0,
            "99.900000" : 0,
            "99.950000" : 0,
            "99.990000" : 0
          }
        },
        "lat_ns" : {
          "min" : 0,
          "max" : 0,
          "mean" : 0.000000,
          "stddev" : 0.000000
        },
        "bw_min" : 0,
        "bw_max" : 0,
        "bw_agg" : 0.000000,
        "bw_mean" : 0.000000,
        "bw_dev" : 0.000000,
        "bw_samples" : 0,
        "iops_min" : 0,
        "iops_max" : 0,
        "iops_mean" : 0.000000,
        "iops_stddev" : 0.000000,
        "iops_samples" : 0
      },
      "write" : {
        "io_bytes" : 147092480,
        "io_kbytes" : 143645,
        "bw_bytes" : 2451500,
        "bw" : 2394,
        "iops" : 4788.086865,
        "runtime" : 60001,
        "total_ios" : 287290,
        "short_ios" : 0,
        "drop_ios" : 0,
        "slat_ns" : {
          "min" : 0,
          "max" : 0,
          "mean" : 0.000000,
          "stddev" : 0.000000
        },
        "clat_ns" : {
          "min" : 1804,
          "max" : 202395,
          "mean" : 9132.463312,
          "stddev" : 7839.629964,
          "percentile" : {
            "1.000000" : 1928,
            "5.000000" : 2064,
            "10.000000" : 2096,
            "20.000000" : 2672,
            "30.000000" : 2864,
            "40.000000" : 3344,
            "50.000000" : 4320,
            "60.000000" : 10432,
            "70.000000" : 15936,
            "80.000000" : 16512,
            "90.000000" : 19072,
            "95.000000" : 24448,
            "99.000000" : 27520,
            "99.500000" : 31104,
            "99.900000" : 38656,
            "99.950000" : 42240,
            "99.990000" : 53504
          }
        },
        "lat_ns" : {
          "min" : 1869,
          "max" : 203280,
          "mean" : 9508.222395,
          "stddev" : 8205.856571
        },
        "bw_min" : 1578,
        "bw_max" : 6701,
        "bw_agg" : 100.000000,
        "bw_mean" : 2397.899160,
        "bw_dev" : 1215.279192,
        "bw_samples" : 119,
        "iops_min" : 3156,
        "iops_max" : 13402,
        "iops_mean" : 4795.806723,
        "iops_stddev" : 2430.553471,
        "iops_samples" : 119
      },
      "trim" : {
        "io_bytes" : 0,
        "io_kbytes" : 0,
        "bw_bytes" : 0,
        "bw" : 0,
        "iops" : 0.000000,
        "runtime" : 0,
        "total_ios" : 0,
        "short_ios" : 0,
        "drop_ios" : 0,
        "slat_ns" : {
          "min" : 0,
          "max" : 0,
          "mean" : 0.000000,
          "stddev" : 0.000000
        },
        "clat_ns" : {
          "min" : 0,
          "max" : 0,
          "mean" : 0.000000,
          "stddev" : 0.000000,
          "percentile" : {
            "1.000000" : 0,
            "5.000000" : 0,
            "10.000000" : 0,
            "20.000000" : 0,
            "30.000000" : 0,
            "40.000000" : 0,
            "50.000000" : 0,
            "60.000000" : 0,
            "70.000000" : 0,
            "80.000000" : 0,
            "90.000000" : 0,
            "95.000000" : 0,
            "99.000000" : 0,
            "99.500000" : 0,
            "99.900000" : 0,
            "99.950000" : 0,
            "99.990000" : 0
          }
        },
        "lat_ns" : {
          "min" : 0,
          "max" : 0,
          "mean" : 0.000000,
          "stddev" : 0.000000
        },
        "bw_min" : 0,
        "bw_max" : 0,
        "bw_agg" : 0.000000,
        "bw_mean" : 0.000000,
        "bw_dev" : 0.000000,
        "bw_samples" : 0,
        "iops_min" : 0,
        "iops_max" : 0,
        "iops_mean" : 0.000000,
        "iops_stddev" : 0.000000,
        "iops_samples" : 0
      },
      "sync" : {
        "lat_ns" : {
          "min" : 17431,
          "max" : 1381231,
          "mean" : 195994.392269,
          "stddev" : 209076.193683,
          "percentile" : {
            "1.000000" : 19072,
            "5.000000" : 19840,
            "10.000000" : 20096,
            "20.000000" : 35584,
            "30.000000" : 48384,
            "40.000000" : 154624,
            "50.000000" : 166912,
            "60.000000" : 189440,
            "70.000000" : 240640,
            "80.000000" : 250880,
            "90.000000" : 403456,
            "95.000000" : 708608,
            "99.000000" : 1003520,
            "99.500000" : 1028096,
            "99.900000" : 1056768,
            "99.950000" : 1073152,
            "99.990000" : 1122304
          }
        },
        "total_ios" : 0
      },
      "job_runtime" : 60000,
      "usr_cpu" : 5.853333,
      "sys_cpu" : 30.266667,
      "ctx" : 323476,
      "majf" : 0,
      "minf" : 26,
      "iodepth_level" : {
        "1" : 200.000000,
        "2" : 0.000000,
        "4" : 0.000000,
        "8" : 0.000000,
        "16" : 0.000000,
        "32" : 0.000000,
        ">=64" : 0.000000
      },
      "iodepth_submit" : {
        "0" : 0.000000,
        "4" : 100.000000,
        "8" : 0.000000,
        "16" : 0.000000,
        "32" : 0.000000,
        "64" : 0.000000,
        ">=64" : 0.000000
      },
      "iodepth_complete" : {
        "0" : 0.000000,
        "4" : 100.000000,
        "8" : 0.000000,
        "16" : 0.000000,
        "32" : 0.000000,
        "64" : 0.000000,
        ">=64" : 0.000000
      },
      "latency_ns" : {
        "2" : 0.000000,
        "4" : 0.000000,
        "10" : 0.000000,
        "20" : 0.000000,
        "50" : 0.000000,
        "100" : 0.000000,
        "250" : 0.000000,
        "500" : 0.000000,
        "750" : 0.000000,
        "1000" : 0.000000
      },
      "latency_us" : {
        "2" : 3.695221,
        "4" : 43.307111,
        "10" : 12.965296,
        "20" : 32.127467,
        "50" : 7.892722,
        "100" : 0.011487,
        "250" : 0.010000,
        "500" : 0.000000,
        "750" : 0.000000,
        "1000" : 0.000000
      },
      "latency_ms" : {
        "2" : 0.000000,
        "4" : 0.000000,
        "10" : 0.000000,
        "20" : 0.000000,
        "50" : 0.000000,
        "100" : 0.000000,
        "250" : 0.000000,
        "500" : 0.000000,
        "750" : 0.000000,
        "1000" : 0.000000,
        "2000" : 0.000000,
        ">=2000" : 0.000000
      },
      "latency_depth" : 1,
      "latency_target" : 0,
      "latency_percentile" : 100.000000,
      "latency_window" : 0
    }
  ],
  "disk_util" : [
    {
      "name" : "sfd0n1",
      "read_ios" : 0,
      "write_ios" : 409454,
      "read_merges" : 0,
      "write_merges" : 0,