{
  "fio version" : "fio-3.16",
  "timestamp" : 1758064538,
  "timestamp_ms" : 1758064538258,
  "time" : "Tue Sep 16 23:15:38 2025",
  "jobs" : [
    {
      "jobname" : "byte_addressable_64",
      "groupid" : 0,
      "error" : 0,
      "eta" : 0,
      "elapsed" : 61,
      "job options" : {
        "name" : "byte_addressable_64",
        "filename" : "/csd1000/byte_test.dat",
        "size" : "1G",
        "bs" : "64",
        "rw" : "write",
        "ioengine" : "sync",
        "direct" : "0",
        "fdatasync" : "1",
        "runtime" : "60",
        "iodepth" : "1",
        "numjobs" : "1"
      },
      "read" : {
        "io_bytes" : 0,
        "io_kbytes" : 0,
        "bw_bytes" : 0,
        "bw" : 0,
        "iops" : 0.000000,
        "runtime" : 0,
        "total_ios" : 0,
        "short_ios" : 655014,
        "drop_ios" : 0,
        "slat_ns" : {
          "min" : 0,
          "max" : 0,
          "mean" : 0.000000,
          "stddev" : 0.000000
        },
        "clat_ns" : {
          "min" : 0,
          "max" : 0,
          "mean" : 0.000000,
          "stddev" : 0.000000,
          "percentile" : {
            "1.000000" : 0,
            "5.000000" : 0,
            "10.000000" : 0,
            "20.000000" : 0,
            "30.000000" : 0,
            "40.000000" : 0,
            "50.000000" : 0,
            "60.000000" : 0,
            "70.000000" : 0,
            "80.000000" : 0,
            "90.000000" : 0,
            "95.000000" : 0,
            "99.000000" : 0,
            "99.500000" : 0,
            "99.900000" : 0,
            "99.950000" : 0,
            "99.990000" : 0
          }
        },
        "lat_ns" : {
          "min" : 0,
          "max" : 0,
          "mean" : 0.000000,
          "stddev" : 0.000000
        },
        "bw_min" : 0,
        "bw_max" : 0,
        "bw_agg" : 0.000000,
        "bw_mean" : 0.000000,
        "bw_dev" : 0.000000,
        "bw_samples" : 0,
        "iops_min" : 0,
        "iops_max" : 0,
        "iops_mean" : 0.000000,
        "iops_stddev" : 0.000000,
        "iops_samples" : 0
      },
      "write" : {
        "io_bytes" : 41920896,
        "io_kbytes" : 40938,
        "bw_bytes" : 698669,
        "bw" : 682,
        "iops" : 10916.718055,
        "runtime" : 60001,
        "total_ios" : 655014,
        "short_ios" : 0,
        "drop_ios" : 0,
        "slat_ns" : {
          "min" : 0,
          "max" : 0,
          "mean" : 0.000000,
          "stddev" : 0.000000
        },
        "clat_ns" : {
          "min" : 1300,
          "max" : 109998,
          "mean" : 4627.398784,
          "stddev" : 4602.068642,
          "percentile" : {
            "1.000000" : 1368,
            "5.000000" : 1480,
            "10.000000" : 2128,
            "20.000000" : 2256,
            "30.000000" : 2384,
            "40.000000" : 3088,
            "50.000000" : 3152,
            "60.000000" : 3184,
            "70.000000" : 3216,
            "80.000000" : 3664,
            "90.000000" : 15040,
            "95.000000" : 15680,
            "99.000000" : 19840,
            "99.500000" : 22144,
            "99.900000" : 26240,
            "99.950000" : 28288,
            "99.990000" : 35584
          }
        },
        "lat_ns" : {
          "min" : 1347,
          "max" : 110086,
          "mean" : 4794.411478,
          "stddev" : 4849.734165
        },
        "bw_min" : 255,
        "bw_max" : 2392,
        "bw_agg" : 100.000000,
        "bw_mean" : 685.025210,
        "bw_dev" : 369.623984,
        "bw_samples" : 119,
        "iops_min" : 4084,
        "iops_max" : 38272,
        "iops_mean" : 10966.873950,
        "iops_stddev" : 5914.076891,
        "iops_samples" : 119
      },
      "trim" : {
        "io_bytes" : 0,
        "io_kbytes" : 0,
        "bw_bytes" : 0,
        "bw" : 0,
        "iops" : 0.000000,
        "runtime" : 0,
        "total_ios" : 0,
        "short_ios" : 0,
        "drop_ios" : 0,
        "slat_ns" : {
          "min" : 0,
          "max" : 0,
          "mean" : 0.000000,
          "stddev" : 0.000000
        },
        "clat_ns" : {
          "min" : 0,
          "max" : 0,
          "mean" : 0.000000,
          "stddev" : 0.000000,
          "percentile" : {
            "1.000000" : 0,
            "5.000000" : 0,
            "10.000000" : 0,
            "20.000000" : 0,
            "30.000000" : 0,
            "40.000000" : 0,
            "50.000000" : 0,
            "60.000000" : 0,
            "70.000000" : 0,
            "80.000000" : 0,
            "90.000000" : 0,
            "95.000000" : 0,
            "99.000000" : 0,
            "99.500000" : 0,
            "99.900000" : 0,
            "99.950000" : 0,
            "99.990000" : 0
          }
        },
        "lat_ns" : {
          "min" : 0,
          "max" : 0,
          "mean" : 0.000000,
          "stddev" : 0.000000
        },
        "bw_min" : 0,
        "bw_max" : 0,
        "bw_agg" : 0.000000,
        "bw_mean" : 0.000000,
        "bw_dev" : 0.000000,
        "bw_samples" : 0,
        "iops_min" : 0,
        "iops_max" : 0,
        "iops_mean" : 0.000000,
        "iops_stddev" : 0.000000,
        "iops_samples" : 0
      },
      "sync" : {
        "lat_ns" : {
          "min" : 15362,
          "max" : 1348014,
          "mean" : 85211.877203,
          "stddev" : 102543.170163,
          "percentile" : {
            "1.000000" : 16192,
            "5.000000" : 17280,
            "10.000000" : 33024,
            "20.000000" : 34048,
            "30.000000" : 35584,
            "40.000000" : 48384,
            "50.000000" : 49408,
            "60.000000" : 49920,
            "70.000000" : 50944,
            "80.000000" : 156672,
            "90.000000" : 232448,
            "95.000000" : 250880,
            "99.000000" : 536576,
            "99.500000" : 700416,
            "99.900000" : 1019904,
            "99.950000" : 1056768,
            "99.990000" : 1089536
          }
        },
        "total_ios" : 0
      },
      "job_runtime" : 60000,
      "usr_cpu" : 3.831667,
      "sys_cpu" : 42.391667,
      "ctx" : 665990,
      "majf" : 0,
      "minf" : 33,
      "iodepth_level" : {
        "1" : 200.000000,
        "2" : 0.000000,
        "4" : 0.000000,
        "8" : 0.000000,
        "16" : 0.000000,
        "32" : 0.000000,
        ">=64" : 0.000000
      },
      "iodepth_submit" : {
        "0" : 0.000000,
        "4" : 100.000000,
        "8" : 0.000000,
        "16" : 0.000000,
        "32" : 0.000000,
        "64" : 0.000000,
        ">=64" : 0.000000
      },
      "iodepth_complete" : {
        "0" : 0.000000,
        "4" : 100.000000,
        "8" : 0.000000,
        "16" : 0.000000,
        "32" : 0.000000,
        "64" : 0.000000,
        ">=64" : 0.000000
      },
      "latency_ns" : {
        "2" : 0.000000,
        "4" : 0.000000,
        "10" : 0.000000,
        "20" : 0.000000,
        "50" : 0.000000,
        "100" : 0.000000,
        "250" : 0.000000,
        "500" : 0.000000,
        "750" : 0.000000,
        "1000" : 0.000000
      },
      "latency_us" : {
        "2" : 5.975597,
        "4" : 76.005398,
        "10" : 4.906918,
        "20" : 12.137145,
        "50" : 0.973872,
        "100" : 0.010000,
        "250" : 0.010000,
        "500" : 0.000000,
        "750" : 0.000000,
        "1000" : 0.000000
      },
      "latency_ms" : {
        "2" : 0.000000,
        "4" : 0.000000,
        "10" : 0.000000,
        "20" : 0.000000,
        "50" : 0.000000,
        "100" : 0.000000,
        "250" : 0.000000,
        "500" : 0.000000,
        "750" : 0.000000,
        "1000" : 0.000000,
        "2000" : 0.000000,
        ">=2000" : 0.000000
      },
      "latency_depth" : 1,
      "latency_target" : 0,
      "latency_percentile" : 100.000000,
      "latency_window" : 0
    }
  ],
  "disk_util" : [
    {
      "name" : "sfd0n1",
      "read_ios" : 0,
      "write_ios" : 694307,
      "read_merges" : 0,
      "write_merges" : 0,
      "read_ticks" : 0,