{
  "fio version" : "fio-3.16",
  "timestamp" : 1758064342,
  "timestamp_ms" : 1758064342786,
  "time" : "Tue Sep 16 23:12:22 2025",
  "jobs" : [
    {
      "jobname" : "byte_addressable_8",
      "groupid" : 0,
      "error" : 0,
      "eta" : 0,
      "elapsed" : 61,
      "job options" : {
        "name" : "byte_addressable_8",
        "filename" : "/csd1000/byte_test.dat",
        "size" : "1G",
        "bs" : "8",
        "rw" : "write",
        "ioengine" : "sync",
        "direct" : "0",
        "fdatasync" : "1",
        "runtime" : "60",
        "iodepth" : "1",
        "numjobs" : "1"
      },
      "read" : {
        "io_bytes" : 0,
        "io_kbytes" : 0,
        "bw_bytes" : 0,
        "bw" : 0,
        "iops" : 0.000000,
        "runtime" : 0,
        "total_ios" : 0,
        "short_ios" : 728125,
        "drop_ios" : 0,
        "slat_ns" : {
          "min" : 0,
          "max" : 0,
          "mean" : 0.000000,
          "stddev" : 0.000000
        },
        "clat_ns" : {
          "min" : 0,
          "max" : 0,
          "mean" : 0.000000,
          "stddev" : 0.000000,
          "percentile" : {
            "1.000000" : 0,
            "5.000000" : 0,
            "10.000000" : 0,
            "20.000000" : 0,
            "30.000000" : 0,
            "40.000000" : 0,
            "50.000000" : 0,
            "60.000000" : 0,
            "70.000000" : 0,
            "80.000000" : 0,
            "90.000000" : 0,
            "95.000000" : 0,
            "99.000000" : 0,
            "99.500000" : 0,
            "99.900000" : 0,
            "99.950000" : 0,
            "99.990000" : 0
          }
        },
        "lat_ns" : {
          "min" : 0,
          "max" : 0,
          "mean" : 0.000000,
          "stddev" : 0.000000
        },
        "bw_min" : 0,
        "bw_max" : 0,
        "bw_agg" : 0.000000,
        "bw_mean" : 0.000000,
        "bw_dev" : 0.000000,
        "bw_samples" : 0,
        "iops_min" : 0,
        "iops_max" : 0,
        "iops_mean" : 0.000000,
        "iops_stddev" : 0.000000,
        "iops_samples" : 0
      },
      "write" : {
        "io_bytes" : 5825000,
        "io_kbytes" : 5688,
        "bw_bytes" : 97081,
        "bw" : 94,
        "iops" : 12135.214413,
        "runtime" : 60001,
        "total_ios" : 728125,
        "short_ios" : 0,
        "drop_ios" : 0,
        "slat_ns" : {
          "min" : 0,
          "max" : 0,
          "mean" : 0.000000,
          "stddev" : 0.000000
        },
        "clat_ns" : {
          "min" : 1126,
          "max" : 69914,
          "mean" : 4382.090690,
          "stddev" : 4588.225900,
          "percentile" : {
            "1.000000" : 1192,
            "5.000000" : 1240,
            "10.000000" : 1368,
            "20.000000" : 2096,
            "30.000000" : 2192,
            "40.000000" : 2640,
            "50.000000" : 2896,
            "60.000000" : 2928,
            "70.000000" : 2992,
            "80.000000" : 3472,
            "90.000000" : 14784,
            "95.000000" : 15296,
            "99.000000" : 19072,
            "99.500000" : 20352,
            "99.900000" : 22656,
            "99.950000" : 25472,
            "99.990000" : 33536
          }
        },
        "lat_ns" : {
          "min" : 1170,
          "max" : 71040,
          "mean" : 4552.590015,
          "stddev" : 4845.808080
        },
        "bw_min" : 33,
        "bw_max" : 303,
        "bw_agg" : 100.000000,
        "bw_mean" : 94.084034,
        "bw_dev" : 54.369199,
        "bw_samples" : 119,
        "iops_min" : 4236,
        "iops_max" : 38840,
        "iops_mean" : 12099.218487,
        "iops_stddev" : 6956.986624,
        "iops_samples" : 119
      },
      "trim" : {
        "io_bytes" : 0,
        "io_kbytes" : 0,
        "bw_bytes" : 0,
        "bw" : 0,
        "iops" : 0.000000,
        "runtime" : 0,
        "total_ios" : 0,
        "short_ios" : 0,
        "drop_ios" : 0,
        "slat_ns" : {
          "min" : 0,
          "max" : 0,
          "mean" : 0.000000,
          "stddev" : 0.000000
        },
        "clat_ns" : {
          "min" : 0,
          "max" : 0,
          "mean" : 0.000000,
          "stddev" : 0.000000,
          "percentile" : {
            "1.000000" : 0,
            "5.000000" : 0,
            "10.000000" : 0,
            "20.000000" : 0,
            "30.000000" : 0,
            "40.000000" : 0,
            "50.000000" : 0,
            "60.000000" : 0,
            "70.000000" : 0,
            "80.000000" : 0,
            "90.000000" : 0,
            "95.000000" : 0,
            "99.000000" : 0,
            "99.500000" : 0,
            "99.900000" : 0,
            "99.950000" : 0,
            "99.990000" : 0
          }
        },
        "lat_ns" : {
          "min" : 0,
          "max" : 0,
          "mean" : 0.000000,
          "stddev" : 0.000000
        },
        "bw_min" : 0,
        "bw_max" : 0,
        "bw_agg" : 0.000000,
        "bw_mean" : 0.000000,
        "bw_dev" : 0.000000,
        "bw_samples" : 0,
        "iops_min" : 0,
        "iops_max" : 0,
        "iops_mean" : 0.000000,
        "iops_stddev" : 0.000000,
        "iops_samples" : 0
      },
      "sync" : {
        "lat_ns" : {
          "min" : 14765,
          "max" : 1183292,
          "mean" : 76215.540992,
          "stddev" : 77891.392664,
          "percentile" : {
            "1.000000" : 15424,
            "5.000000" : 15936,
            "10.000000" : 21376,
            "20.000000" : 33024,
            "30.000000" : 34048,
            "40.000000" : 45824,
            "50.000000" : 47872,
            "60.000000" : 48384,
            "70.000000" : 49920,
            "80.000000" : 150528,
            "90.000000" : 232448,
            "95.000000" : 242688,
            "99.000000" : 272384,
            "99.500000" : 280576,
            "99.900000" : 651264,
            "99.950000" : 724992,
            "99.990000" : 937984
          }
        },
        "total_ios" : 0
      },
      "job_runtime" : 60000,
      "usr_cpu" : 4.371667,
      "sys_cpu" : 46.606667,
      "ctx" : 730275,
      "majf" : 0,
      "minf" : 34,
      "iodepth_level" : {
        "1" : 200.000000,
        "2" : 0.000000,
        "4" : 0.000000,
        "8" : 0.000000,
        "16" : 0.000000,
        "32" : 0.000000,
        ">=64" : 0.000000
      },
      "iodepth_submit" : {
        "0" : 0.000000,
        "4" : 100.000000,
        "8" : 0.000000,
        "16" : 0.000000,
        "32" : 0.000000,
        "64" : 0.000000,
        ">=64" : 0.000000
      },
      "iodepth_complete" : {
        "0" : 0.000000,
        "4" : 100.000000,
        "8" : 0.000000,
        "16" : 0.000000,
        "32" : 0.000000,
        "64" : 0.000000,
        ">=64" : 0.000000
      },
      "latency_ns" : {
        "2" : 0.000000,
        "4" : 0.000000,
        "10" : 0.000000,
        "20" : 0.000000,
        "50" : 0.000000,
        "100" : 0.000000,
        "250" : 0.000000,
        "500" : 0.000000,
        "750" : 0.000000,
        "1000" : 0.000000
      },
      "latency_us" : {
        "2" : 12.693013,
        "4" : 69.183176,
        "10" : 4.350764,
        "20" : 13.123021,
        "50" : 0.649614,
        "100" : 0.010000,
        "250" : 0.000000,
        "500" : 0.000000,
        "750" : 0.000000,
        "1000" : 0.000000
      },
      "latency_ms" : {
        "2" : 0.000000,
        "4" : 0.000000,
        "10" : 0.000000,
        "20" : 0.000000,
        "50" : 0.000000,
        "100" : 0.000000,
        "250" : 0.000000,
        "500" : 0.000000,
        "750" : 0.000000,
        "1000" : 0.000000,
        "2000" : 0.000000,
        ">=2000" : 0.000000
      },
      "latency_depth" : 1,
      "latency_target" : 0,
      "latency_percentile" : 100.000000,
      "latency_window" : 0
    }
  ],
  "disk_util" : [
    {
      "name" : "sfd0n1",
      "read_ios" : 0,
      "write_ios" : 733366,
      "read_merges" : 0,
      "write_merges" : 0,
      "read_ticks" : 0,