{
  "fio version" : "fio-3.16",
  "timestamp" : 1758005804,
  "timestamp_ms" : 1758005804781,
  "time" : "Tue Sep 16 06:56:44 2025",
  "jobs" : [
    {
      "jobname" : "byte_addressable_128",
      "groupid" : 0,
      "error" : 0,
      "eta" : 0,
      "elapsed" : 61,
      "job options" : {
        "name" : "byte_addressable_128",
        "filename" : "/samsung/byte_test.dat",
        "size" : "1G",
        "bs" : "128",
        "rw" : "write",
        "ioengine" : "sync",
        "direct" : "0",
        "fdatasync" : "1",
        "runtime" : "60",
        "iodepth" : "1",
        "numjobs" : "1"
      },
      "read" : {
        "io_bytes" : 0,
        "io_kbytes" : 0,
        "bw_bytes" : 0,
        "bw" : 0,
        "iops" : 0.000000,
        "runtime" : 0,
        "total_ios" : 0,
        "short_ios" : 797955,
        "drop_ios" : 0,
        "slat_ns" : {
          "min" : 0,
          "max" : 0,
          "mean" : 0.000000,
          "stddev" : 0.000000
        },
        "clat_ns" : {
          "min" : 0,
          "max" : 0,
          "mean" : 0.000000,
          "stddev" : 0.000000,
          "percentile" : {
            "1.000000" : 0,
            "5.000000" : 0,
            "10.000000" : 0,
            "20.000000" : 0,
            "30.000000" : 0,
            "40.000000" : 0,
            "50.000000" : 0,
            "60.000000" : 0,
            "70.000000" : 0,
            "80.000000" : 0,
            "90.000000" : 0,
            "95.000000" : 0,
            "99.000000" : 0,
            "99.500000" : 0,
            "99.900000" : 0,
            "99.950000" : 0,
            "99.990000" : 0
          }
        },
        "lat_ns" : {
          "min" : 0,
          "max" : 0,
          "mean" : 0.000000,
          "stddev" : 0.000000
        },
        "bw_min" : 0,
        "bw_max" : 0,
        "bw_agg" : 0.000000,
        "bw_mean" : 0.000000,
        "bw_dev" : 0.000000,
        "bw_samples" : 0,
        "iops_min" : 0,
        "iops_max" : 0,
        "iops_mean" : 0.000000,
        "iops_stddev" : 0.000000,
        "iops_samples" : 0
      },
      "write" : {
        "io_bytes" : 102138240,
        "io_kbytes" : 99744,
        "bw_bytes" : 1702275,
        "bw" : 1662,
        "iops" : 13299.028350,
        "runtime" : 60001,
        "total_ios" : 797955,
        "short_ios" : 0,
        "drop_ios" : 0,
        "slat_ns" : {
          "min" : 0,
          "max" : 0,
          "mean" : 0.000000,
          "stddev" : 0.000000
        },
        "clat_ns" : {
          "min" : 1158,
          "max" : 406074,
          "mean" : 4347.178267,
          "stddev" : 4132.965559,
          "percentile" : {
            "1.000000" : 1224,
            "5.000000" : 1256,
            "10.000000" : 1288,
            "20.000000" : 1320,
            "30.000000" : 1368,
            "40.000000" : 1448,
            "50.000000" : 2416,
            "60.000000" : 3600,
            "70.000000" : 4256,
            "80.000000" : 10048,
            "90.000000" : 10560,
            "95.000000" : 11072,
            "99.000000" : 16768,
            "99.500000" : 18048,
            "99.900000" : 22144,
            "99.950000" : 23424,
            "99.990000" : 32384
          }
        },
        "lat_ns" : {
          "min" : 1204,
          "max" : 406725,
          "mean" : 4541.369800,
          "stddev" : 4341.017399
        },
        "bw_min" : 1063,
        "bw_max" : 2844,
        "bw_agg" : 99.871068,
        "bw_mean" : 1659.857143,
        "bw_dev" : 405.646968,
        "bw_samples" : 119,
        "iops_min" : 8510,
        "iops_max" : 22752,
        "iops_mean" : 13281.957983,
        "iops_stddev" : 3244.924335,
        "iops_samples" : 119
      },
      "trim" : {
        "io_bytes" : 0,
        "io_kbytes" : 0,
        "bw_bytes" : 0,
        "bw" : 0,
        "iops" : 0.000000,
        "runtime" : 0,
        "total_ios" : 0,
        "short_ios" : 0,
        "drop_ios" : 0,
        "slat_ns" : {
          "min" : 0,
          "max" : 0,
          "mean" : 0.000000,
          "stddev" : 0.000000
        },
        "clat_ns" : {
          "min" : 0,
          "max" : 0,
          "mean" : 0.000000,
          "stddev" : 0.000000,
          "percentile" : {
            "1.000000" : 0,
            "5.000000" : 0,
            "10.000000" : 0,
            "20.000000" : 0,
            "30.000000" : 0,
            "40.000000" : 0,
            "50.000000" : 0,
            "60.000000" : 0,
            "70.000000" : 0,
            "80.000000" : 0,
            "90.000000" : 0,
            "95.000000" : 0,
            "99.000000" : 0,
            "99.500000" : 0,
            "99.900000" : 0,
            "99.950000" : 0,
            "99.990000" : 0
          }
        },
        "lat_ns" : {
          "min" : 0,
          "max" : 0,
          "mean" : 0.000000,
          "stddev" : 0.000000
        },
        "bw_min" : 0,
        "bw_max" : 0,
        "bw_agg" : 0.000000,
        "bw_mean" : 0.000000,
        "bw_dev" : 0.000000,
        "bw_samples" : 0,
        "iops_min" : 0,
        "iops_max" : 0,
        "iops_mean" : 0.000000,
        "iops_stddev" : 0.000000,
        "iops_samples" : 0
      },
      "sync" : {
        "lat_ns" : {
          "min" : 19706,
          "max" : 1082180,
          "mean" : 68803.288619,
          "stddev" : 75682.348411,
          "percentile" : {
            "1.000000" : 22144,
            "5.000000" : 22656,
            "10.000000" : 22912,
            "20.000000" : 23680,
            "30.000000" : 24192,
            "40.000000" : 24704,
            "50.000000" : 32384,
            "60.000000" : 42752,
            "70.000000" : 56064,
            "80.000000" : 152576,
            "90.000000" : 158720,
            "95.000000" : 166912,
            "99.000000" : 411648,
            "99.500000" : 468992,
            "99.900000" : 552960,
            "99.950000" : 569344,
            "99.990000" : 634880
          }
        },
        "total_ios" : 0
      },
      "job_runtime" : 60000,
      "usr_cpu" : 6.450000,
      "sys_cpu" : 24.880000,
      "ctx" : 822920,
      "majf" : 0,
      "minf" : 26,
      "iodepth_level" : {
        "1" : 200.000000,
        "2" : 0.000000,
        "4" : 0.000000,
        "8" : 0.000000,
        "16" : 0.000000,
        "32" : 0.000000,
        ">=64" : 0.000000
      },
      "iodepth_submit" : {
        "0" : 0.000000,
        "4" : 100.000000,
        "8" : 0.000000,
        "16" : 0.000000,
        "32" : 0.000000,
        "64" : 0.000000,
        ">=64" : 0.000000
      },
      "iodepth_complete" : {
        "0" : 0.000000,
        "4" : 100.000000,
        "8" : 0.000000,
        "16" : 0.000000,
        "32" : 0.000000,
        "64" : 0.000000,
        ">=64" : 0.000000
      },
      "latency_ns" : {
        "2" : 0.000000,
        "4" : 0.000000,
        "10" : 0.000000,
        "20" : 0.000000,
        "50" : 0.000000,
        "100" : 0.000000,
        "250" : 0.000000,
        "500" : 0.000000,
        "750" : 0.000000,
        "1000" : 0.000000
      },
      "latency_us" : {
        "2" : 44.667932,
        "4" : 19.243817,
        "10" : 16.350170,
        "20" : 19.455107,
        "50" : 0.282221,
        "100" : 0.010000,
        "250" : 0.010000,
        "500" : 0.010000,
        "750" : 0.000000,
        "1000" : 0.000000
      },
      "latency_ms" : {
        "2" : 0.000000,
        "4" : 0.000000,
        "10" : 0.000000,
        "20" : 0.000000,
        "50" : 0.000000,
        "100" : 0.000000,
        "250" : 0.000000,
        "500" : 0.000000,
        "750" : 0.000000,
        "1000" : 0.000000,
        "2000" : 0.000000,
        ">=2000" : 0.000000
      },
      "latency_depth" : 1,
      "latency_target" : 0,
      "latency_percentile" : 100.000000,
      "latency_window" : 0
    }
  ],
  "disk_util" : [
    {
      "name" : "nvme1n1",
      "read_ios" : 0,
      "write_ios" : 0,
      "read_merges" : 0,
      "write_merges" : 0,
      "read_ticks" : 0,