{
  "fio version" : "fio-3.16",
  "timestamp" : 1758005998,
  "timestamp_ms" : 1758005998170,
  "time" : "Tue Sep 16 06:59:58 2025",
  "jobs" : [
    {
      "jobname" : "byte_addressable_1k",
      "groupid" : 0,
      "error" : 0,
      "eta" : 0,
      "elapsed" : 61,
      "job options" : {
        "name" : "byte_addressable_1k",
        "filename" : "/samsung/byte_test.dat",
        "size" : "1G",
        "bs" : "1k",
        "rw" : "write",
        "ioengine" : "sync",
        "direct" : "0",
        "fdatasync" : "1",
        "runtime" : "60",
        "iodepth" : "1",
        "numjobs" : "1"
      },
      "read" : {
        "io_bytes" : 0,
        "io_kbytes" : 0,
        "bw_bytes" : 0,
        "bw" : 0,
        "iops" : 0.000000,
        "runtime" : 0,
        "total_ios" : 0,
        "short_ios" : 422973,
        "drop_ios" : 0,
        "slat_ns" : {
          "min" : 0,
          "max" : 0,
          "mean" : 0.000000,
          "stddev" : 0.000000
        },
        "clat_ns" : {
          "min" : 0,
          "max" : 0,
          "mean" : 0.000000,
          "stddev" : 0.000000,
          "percentile" : {
            "1.000000" : 0,
            "5.000000" : 0,
            "10.000000" : 0,
            "20.000000" : 0,
            "30.000000" : 0,
            "40.000000" : 0,
            "50.000000" : 0,
            "60.000000" : 0,
            "70.000000" : 0,
            "80.000000" : 0,
            "90.000000" : 0,
            "95.000000" : 0,
            "99.000000" : 0,
            "99.500000" : 0,
            "99.900000" : 0,
            "99.950000" : 0,
            "99.990000" : 0
          }
        },
        "lat_ns" : {
          "min" : 0,
          "max" : 0,
          "mean" : 0.000000,
          "stddev" : 0.000000
        },
        "bw_min" : 0,
        "bw_max" : 0,
        "bw_agg" : 0.000000,
        "bw_mean" : 0.000000,
        "bw_dev" : 0.000000,
        "bw_samples" : 0,
        "iops_min" : 0,
        "iops_max" : 0,
        "iops_mean" : 0.000000,
        "iops_stddev" : 0.000000,
        "iops_samples" : 0
      },
      "write" : {
        "io_bytes" : 433124352,
        "io_kbytes" : 422973,
        "bw_bytes" : 7218618,
        "bw" : 7049,
        "iops" : 7049.432509,
        "runtime" : 60001,
        "total_ios" : 422973,
        "short_ios" : 0,
        "drop_ios" : 0,
        "slat_ns" : {
          "min" : 0,
          "max" : 0,
          "mean" : 0.000000,
          "stddev" : 0.000000
        },
        "clat_ns" : {
          "min" : 1440,
          "max" : 244069,
          "mean" : 8086.979810,
          "stddev" : 5578.061750,
          "percentile" : {
            "1.000000" : 1576,
            "5.000000" : 1720,
            "10.000000" : 1976,
            "20.000000" : 2960,
            "30.000000" : 3216,
            "40.000000" : 4256,
            "50.000000" : 5920,
            "60.000000" : 10432,
            "70.000000" : 11712,
            "80.000000" : 13120,
            "90.000000" : 15808,
            "95.000000" : 16768,
            "99.000000" : 21888,
            "99.500000" : 22912,
            "99.900000" : 28800,
            "99.950000" : 31104,
            "99.990000" : 38656
          }
        },
        "lat_ns" : {
          "min" : 1496,
          "max" : 244730,
          "mean" : 8381.174772,
          "stddev" : 5797.988487
        },
        "bw_min" : 5592,
        "bw_max" : 9524,
        "bw_agg" : 100.000000,
        "bw_mean" : 7050.731092,
        "bw_dev" : 811.269216,
        "bw_samples" : 119,
        "iops_min" : 5592,
        "iops_max" : 9524,
        "iops_mean" : 7050.731092,
        "iops_stddev" : 811.269216,
        "iops_samples" : 119
      },
      "trim" : {
        "io_bytes" : 0,
        "io_kbytes" : 0,
        "bw_bytes" : 0,
        "bw" : 0,
        "iops" : 0.000000,
        "runtime" : 0,
        "total_ios" : 0,
        "short_ios" : 0,
        "drop_ios" : 0,
        "slat_ns" : {
          "min" : 0,
          "max" : 0,
          "mean" : 0.000000,
          "stddev" : 0.000000
        },
        "clat_ns" : {
          "min" : 0,
          "max" : 0,
          "mean" : 0.000000,
          "stddev" : 0.000000,
          "percentile" : {
            "1.000000" : 0,
            "5.000000" : 0,
            "10.000000" : 0,
            "20.000000" : 0,
            "30.000000" : 0,
            "40.000000" : 0,
            "50.000000" : 0,
            "60.000000" : 0,
            "70.000000" : 0,
            "80.000000" : 0,
            "90.000000" : 0,
            "95.000000" : 0,
            "99.000000" : 0,
            "99.500000" : 0,
            "99.900000" : 0,
            "99.950000" : 0,
            "99.990000" : 0
          }
        },
        "lat_ns" : {
          "min" : 0,
          "max" : 0,
          "mean" : 0.000000,
          "stddev" : 0.000000
        },
        "bw_min" : 0,
        "bw_max" : 0,
        "bw_agg" : 0.000000,
        "bw_mean" : 0.000000,
        "bw_dev" : 0.000000,
        "bw_samples" : 0,
        "iops_min" : 0,
        "iops_max" : 0,
        "iops_mean" : 0.000000,
        "iops_stddev" : 0.000000,
        "iops_samples" : 0
      },
      "sync" : {
        "lat_ns" : {
          "min" : 21915,
          "max" : 2463164,
          "mean" : 130728.251747,
          "stddev" : 133801.388965,
          "percentile" : {
            "1.000000" : 24448,
            "5.000000" : 25216,
            "10.000000" : 26240,
            "20.000000" : 31616,
            "30.000000" : 45312,
            "40.000000" : 56576,
            "50.000000" : 62208,
            "60.000000" : 79360,
            "70.000000" : 160768,
            "80.000000" : 207872,
            "90.000000" : 362496,
            "95.000000" : 448512,
            "99.000000" : 518144,
            "99.500000" : 577536,
            "99.900000" : 610304,
            "99.950000" : 626688,
            "99.990000" : 667648
          }
        },
        "total_ios" : 0
      },
      "job_runtime" : 60000,
      "usr_cpu" : 5.551667,
      "sys_cpu" : 29.336667,
      "ctx" : 528762,
      "majf" : 0,
      "minf" : 13,
      "iodepth_level" : {
        "1" : 200.000000,
        "2" : 0.000000,
        "4" : 0.000000,
        "8" : 0.000000,
        "16" : 0.000000,
        "32" : 0.000000,
        ">=64" : 0.000000
      },
      "iodepth_submit" : {
        "0" : 0.000000,
        "4" : 100.000000,
        "8" : 0.000000,
        "16" : 0.000000,
        "32" : 0.000000,
        "64" : 0.000000,
        ">=64" : 0.000000
      },
      "iodepth_complete" : {
        "0" : 0.000000,
        "4" : 100.000000,
        "8" : 0.000000,
        "16" : 0.000000,
        "32" : 0.000000,
        "64" : 0.000000,
        ">=64" : 0.000000
      },
      "latency_ns" : {
        "2" : 0.000000,
        "4" : 0.000000,
        "10" : 0.000000,
        "20" : 0.000000,
        "50" : 0.000000,
        "100" : 0.000000,
        "250" : 0.000000,
        "500" : 0.000000,
        "750" : 0.000000,
        "1000" : 0.000000
      },
      "latency_us" : {
        "2" : 10.174408,
        "4" : 28.139385,
        "10" : 19.286101,
        "20" : 40.450809,
        "50" : 1.945987,
        "100" : 0.010000,
        "250" : 0.010000,
        "500" : 0.000000,
        "750" : 0.000000,
        "1000" : 0.000000
      },
      "latency_ms" : {
        "2" : 0.000000,
        "4" : 0.000000,
        "10" : 0.000000,
        "20" : 0.000000,
        "50" : 0.000000,
        "100" : 0.000000,
        "250" : 0.000000,
        "500" : 0.000000,
        "750" : 0.000000,
        "1000" : 0.000000,
        "2000" : 0.000000,
        ">=2000" : 0.000000
      },
      "latency_depth" : 1,
      "latency_target" : 0,
      "latency_percentile" : 100.000000,
      "latency_window" : 0
    }
  ],
  "disk_util" : [
    {
      "name" : "nvme1n1",
      "read_ios" : 0,
      "write_ios" : 0,
      "read_merges" : 0,
      "write_merges" : 0,
      "read_ticks" : 0,