{
  "fio version" : "fio-3.16",
  "timestamp" : 1758006063,
  "timestamp_ms" : 1758006063083,
  "time" : "Tue Sep 16 07:01:03 2025",
  "jobs" : [
    {
      "jobname" : "byte_addressable_2k",
      "groupid" : 0,
      "error" : 0,
      "eta" : 0,
      "elapsed" : 61,
      "job options" : {
        "name" : "byte_addressable_2k",
        "filename" : "/samsung/byte_test.dat",
        "size" : "1G",
        "bs" : "2k",
        "rw" : "write",
        "ioengine" : "sync",
        "direct" : "0",
        "fdatasync" : "1",
        "runtime" : "60",
        "iodepth" : "1",
        "numjobs" : "1"
      },
      "read" : {
        "io_bytes" : 0,
        "io_kbytes" : 0,
        "bw_bytes" : 0,
        "bw" : 0,
        "iops" : 0.000000,
        "runtime" : 0,
        "total_ios" : 0,
        "short_ios" : 289557,
        "drop_ios" : 0,
        "slat_ns" : {
          "min" : 0,
          "max" : 0,
          "mean" : 0.000000,
          "stddev" : 0.000000
        },
        "clat_ns" : {
          "min" : 0,
          "max" : 0,
          "mean" : 0.000000,
          "stddev" : 0.000000,
          "percentile" : {
            "1.000000" : 0,
            "5.000000" : 0,
            "10.000000" : 0,
            "20.000000" : 0,
            "30.000000" : 0,
            "40.000000" : 0,
            "50.000000" : 0,
            "60.000000" : 0,
            "70.000000" : 0,
            "80.000000" : 0,
            "90.000000" : 0,
            "95.000000" : 0,
            "99.000000" : 0,
            "99.500000" : 0,
            "99.900000" : 0,
            "99.950000" : 0,
            "99.990000" : 0
          }
        },
        "lat_ns" : {
          "min" : 0,
          "max" : 0,
          "mean" : 0.000000,
          "stddev" : 0.000000
        },
        "bw_min" : 0,
        "bw_max" : 0,
        "bw_agg" : 0.000000,
        "bw_mean" : 0.000000,
        "bw_dev" : 0.000000,
        "bw_samples" : 0,
        "iops_min" : 0,
        "iops_max" : 0,
        "iops_mean" : 0.000000,
        "iops_stddev" : 0.000000,
        "iops_samples" : 0
      },
      "write" : {
        "io_bytes" : 593012736,
        "io_kbytes" : 579114,
        "bw_bytes" : 9883380,
        "bw" : 9651,
        "iops" : 4825.869569,
        "runtime" : 60001,
        "total_ios" : 289557,
        "short_ios" : 0,
        "drop_ios" : 0,
        "slat_ns" : {
          "min" : 0,
          "max" : 0,
          "mean" : 0.000000,
          "stddev" : 0.000000
        },
        "clat_ns" : {
          "min" : 2363,
          "max" : 176565,
          "mean" : 10679.455109,
          "stddev" : 5892.204078,
          "percentile" : {
            "1.000000" : 3216,
            "5.000000" : 3984,
            "10.000000" : 4512,
            "20.000000" : 4960,
            "30.000000" : 5920,
            "40.000000" : 7584,
            "50.000000" : 9536,
            "60.000000" : 11584,
            "70.000000" : 12864,
            "80.000000" : 16768,
            "90.000000" : 18304,
            "95.000000" : 20352,
            "99.000000" : 26752,
            "99.500000" : 27776,
            "99.900000" : 34560,
            "99.950000" : 40192,
            "99.990000" : 54016
          }
        },
        "lat_ns" : {
          "min" : 2426,
          "max" : 176696,
          "mean" : 10972.087824,
          "stddev" : 6149.592514
        },
        "bw_min" : 7481,
        "bw_max" : 15040,
        "bw_agg" : 100.000000,
        "bw_mean" : 9669.126050,
        "bw_dev" : 1593.205773,
        "bw_samples" : 119,
        "iops_min" : 3740,
        "iops_max" : 7520,
        "iops_mean" : 4834.554622,
        "iops_stddev" : 796.604571,
        "iops_samples" : 119
      },
      "trim" : {
        "io_bytes" : 0,
        "io_kbytes" : 0,
        "bw_bytes" : 0,
        "bw" : 0,
        "iops" : 0.000000,
        "runtime" : 0,
        "total_ios" : 0,
        "short_ios" : 0,
        "drop_ios" : 0,
        "slat_ns" : {
          "min" : 0,
          "max" : 0,
          "mean" : 0.000000,
          "stddev" : 0.000000
        },
        "clat_ns" : {
          "min" : 0,
          "max" : 0,
          "mean" : 0.000000,
          "stddev" : 0.000000,
          "percentile" : {
            "1.000000" : 0,
            "5.000000" : 0,
            "10.000000" : 0,
            "20.000000" : 0,
            "30.000000" : 0,
            "40.000000" : 0,
            "50.000000" : 0,
            "60.000000" : 0,
            "70.000000" : 0,
            "80.000000" : 0,
            "90.000000" : 0,
            "95.000000" : 0,
            "99.000000" : 0,
            "99.500000" : 0,
            "99.900000" : 0,
            "99.950000" : 0,
            "99.990000" : 0
          }
        },
        "lat_ns" : {
          "min" : 0,
          "max" : 0,
          "mean" : 0.000000,
          "stddev" : 0.000000
        },
        "bw_min" : 0,
        "bw_max" : 0,
        "bw_agg" : 0.000000,
        "bw_mean" : 0.000000,
        "bw_dev" : 0.000000,
        "bw_samples" : 0,
        "iops_min" : 0,
        "iops_max" : 0,
        "iops_mean" : 0.000000,
        "iops_stddev" : 0.000000,
        "iops_samples" : 0
      },
      "sync" : {
        "lat_ns" : {
          "min" : 23754,
          "max" : 2095225,
          "mean" : 193506.878898,
          "stddev" : 167699.034442,
          "percentile" : {
            "1.000000" : 26496,
            "5.000000" : 28032,
            "10.000000" : 29568,
            "20.000000" : 49920,
            "30.000000" : 61696,
            "40.000000" : 67072,
            "50.000000" : 113152,
            "60.000000" : 193536,
            "70.000000" : 313344,
            "80.000000" : 382976,
            "90.000000" : 428032,
            "95.000000" : 501760,
            "99.000000" : 577536,
            "99.500000" : 618496,
            "99.900000" : 651264,
            "99.950000" : 667648,
            "99.990000" : 700416
          }
        },
        "total_ios" : 0
      },
      "job_runtime" : 60000,
      "usr_cpu" : 4.126667,
      "sys_cpu" : 20.473333,
      "ctx" : 434365,
      "majf" : 0,
      "minf" : 15,
      "iodepth_level" : {
        "1" : 200.000000,
        "2" : 0.000000,
        "4" : 0.000000,
        "8" : 0.000000,
        "16" : 0.000000,
        "32" : 0.000000,
        ">=64" : 0.000000
      },
      "iodepth_submit" : {
        "0" : 0.000000,
        "4" : 100.000000,
        "8" : 0.000000,
        "16" : 0.000000,
        "32" : 0.000000,
        "64" : 0.000000,
        ">=64" : 0.000000
      },
      "iodepth_complete" : {
        "0" : 0.000000,
        "4" : 100.000000,
        "8" : 0.000000,
        "16" : 0.000000,
        "32" : 0.000000,
        "64" : 0.000000,
        ">=64" : 0.000000
      },
      "latency_ns" : {
        "2" : 0.000000,
        "4" : 0.000000,
        "10" : 0.000000,
        "20" : 0.000000,
        "50" : 0.000000,
        "100" : 0.000000,
        "250" : 0.000000,
        "500" : 0.000000,
        "750" : 0.000000,
        "1000" : 0.000000
      },
      "latency_us" : {
        "2" : 0.000000,
        "4" : 5.200703,
        "10" : 46.202302,
        "20" : 43.275072,
        "50" : 5.303619,
        "100" : 0.015196,
        "250" : 0.010000,
        "500" : 0.000000,
        "750" : 0.000000,
        "1000" : 0.000000
      },
      "latency_ms" : {
        "2" : 0.000000,
        "4" : 0.000000,
        "10" : 0.000000,
        "20" : 0.000000,
        "50" : 0.000000,
        "100" : 0.000000,
        "250" : 0.000000,
        "500" : 0.000000,
        "750" : 0.000000,
        "1000" : 0.000000,
        "2000" : 0.000000,
        ">=2000" : 0.000000
      },
      "latency_depth" : 1,
      "latency_target" : 0,
      "latency_percentile" : 100.000000,
      "latency_window" : 0
    }
  ],
  "disk_util" : [
    {
      "name" : "nvme1n1",
      "read_ios" : 0,
      "write_ios" : 0,
      "read_merges" : 0,
      "write_merges" : 0,
      "read_ticks" : 0,