{
  "fio version" : "fio-3.16",
  "timestamp" : 1758005676,
  "timestamp_ms" : 1758005676110,
  "time" : "Tue Sep 16 06:54:36 2025",
  "jobs" : [
    {
      "jobname" : "byte_addressable_32",
      "groupid" : 0,
      "error" : 0,
      "eta" : 0,
      "elapsed" : 61,
      "job options" : {
        "name" : "byte_addressable_32",
        "filename" : "/samsung/byte_test.dat",
        "size" : "1G",
        "bs" : "32",
        "rw" : "write",
        "ioengine" : "sync",
        "direct" : "0",
        "fdatasync" : "1",
        "runtime" : "60",
        "iodepth" : "1",
        "numjobs" : "1"
      },
      "read" : {
        "io_bytes" : 0,
        "io_kbytes" : 0,
        "bw_bytes" : 0,
        "bw" : 0,
        "iops" : 0.000000,
        "runtime" : 0,
        "total_ios" : 0,
        "short_ios" : 1076795,
        "drop_ios" : 0,
        "slat_ns" : {
          "min" : 0,
          "max" : 0,
          "mean" : 0.000000,
          "stddev" : 0.000000
        },
        "clat_ns" : {
          "min" : 0,
          "max" : 0,
          "mean" : 0.000000,
          "stddev" : 0.000000,
          "percentile" : {
            "1.000000" : 0,
            "5.000000" : 0,
            "10.000000" : 0,
            "20.000000" : 0,
            "30.000000" : 0,
            "40.000000" : 0,
            "50.000000" : 0,
            "60.000000" : 0,
            "70.000000" : 0,
            "80.000000" : 0,
            "90.000000" : 0,
            "95.000000" : 0,
            "99.000000" : 0,
            "99.500000" : 0,
            "99.900000" : 0,
            "99.950000" : 0,
            "99.990000" : 0
          }
        },
        "lat_ns" : {
          "min" : 0,
          "max" : 0,
          "mean" : 0.000000,
          "stddev" : 0.000000
        },
        "bw_min" : 0,
        "bw_max" : 0,
        "bw_agg" : 0.000000,
        "bw_mean" : 0.000000,
        "bw_dev" : 0.000000,
        "bw_samples" : 0,
        "iops_min" : 0,
        "iops_max" : 0,
        "iops_mean" : 0.000000,
        "iops_stddev" : 0.000000,
        "iops_samples" : 0
      },
      "write" : {
        "io_bytes" : 34457440,
        "io_kbytes" : 33649,
        "bw_bytes" : 574281,
        "bw" : 560,
        "iops" : 17946.284229,
        "runtime" : 60001,
        "total_ios" : 1076795,
        "short_ios" : 0,
        "drop_ios" : 0,
        "slat_ns" : {
          "min" : 0,
          "max" : 0,
          "mean" : 0.000000,
          "stddev" : 0.000000
        },
        "clat_ns" : {
          "min" : 1093,
          "max" : 734578,
          "mean" : 3202.572817,
          "stddev" : 3520.802998,
          "percentile" : {
            "1.000000" : 1160,
            "5.000000" : 1192,
            "10.000000" : 1208,
            "20.000000" : 1224,
            "30.000000" : 1240,
            "40.000000" : 1256,
            "50.000000" : 1272,
            "60.000000" : 1352,
            "70.000000" : 2928,
            "80.000000" : 4192,
            "90.000000" : 10304,
            "95.000000" : 10688,
            "99.000000" : 11712,
            "99.500000" : 14272,
            "99.900000" : 17792,
            "99.950000" : 19584,
            "99.990000" : 26496
          }
        },
        "lat_ns" : {
          "min" : 1138,
          "max" : 734625,
          "mean" : 3349.365335,
          "stddev" : 3698.635739
        },
        "bw_min" : 302,
        "bw_max" : 894,
        "bw_agg" : 100.000000,
        "bw_mean" : 562.058824,
        "bw_dev" : 132.053680,
        "bw_samples" : 119,
        "iops_min" : 9666,
        "iops_max" : 28622,
        "iops_mean" : 17999.798319,
        "iops_stddev" : 4226.533834,
        "iops_samples" : 119
      },
      "trim" : {
        "io_bytes" : 0,
        "io_kbytes" : 0,
        "bw_bytes" : 0,
        "bw" : 0,
        "iops" : 0.000000,
        "runtime" : 0,
        "total_ios" : 0,
        "short_ios" : 0,
        "drop_ios" : 0,
        "slat_ns" : {
          "min" : 0,
          "max" : 0,
          "mean" : 0.000000,
          "stddev" : 0.000000
        },
        "clat_ns" : {
          "min" : 0,
          "max" : 0,
          "mean" : 0.000000,
          "stddev" : 0.000000,
          "percentile" : {
            "1.000000" : 0,
            "5.000000" : 0,
            "10.000000" : 0,
            "20.000000" : 0,
            "30.000000" : 0,
            "40.000000" : 0,
            "50.000000" : 0,
            "60.000000" : 0,
            "70.000000" : 0,
            "80.000000" : 0,
            "90.000000" : 0,
            "95.000000" : 0,
            "99.000000" : 0,
            "99.500000" : 0,
            "99.900000" : 0,
            "99.950000" : 0,
            "99.990000" : 0
          }
        },
        "lat_ns" : {
          "min" : 0,
          "max" : 0,
          "mean" : 0.000000,
          "stddev" : 0.000000
        },
        "bw_min" : 0,
        "bw_max" : 0,
        "bw_agg" : 0.000000,
        "bw_mean" : 0.000000,
        "bw_dev" : 0.000000,
        "bw_samples" : 0,
        "iops_min" : 0,
        "iops_max" : 0,
        "iops_mean" : 0.000000,
        "iops_stddev" : 0.000000,
        "iops_samples" : 0
      },
      "sync" : {
        "lat_ns" : {
          "min" : 19463,
          "max" : 758742,
          "mean" : 50931.268777,
          "stddev" : 54687.439510,
          "percentile" : {
            "1.000000" : 22656,
            "5.000000" : 22912,
            "10.000000" : 23168,
            "20.000000" : 23424,
            "30.000000" : 23680,
            "40.000000" : 23936,
            "50.000000" : 24192,
            "60.000000" : 25216,
            "70.000000" : 40704,
            "80.000000" : 56064,
            "90.000000" : 156672,
            "95.000000" : 160768,
            "99.000000" : 189440,
            "99.500000" : 301056,
            "99.900000" : 473088,
            "99.950000" : 522240,
            "99.990000" : 618496
          }
        },
        "total_ios" : 0
      },
      "job_runtime" : 60000,
      "usr_cpu" : 7.111667,
      "sys_cpu" : 24.910000,
      "ctx" : 1085243,
      "majf" : 0,
      "minf" : 19,
      "iodepth_level" : {
        "1" : 200.000000,
        "2" : 0.000000,
        "4" : 0.000000,
        "8" : 0.000000,
        "16" : 0.000000,
        "32" : 0.000000,
        ">=64" : 0.000000
      },
      "iodepth_submit" : {
        "0" : 0.000000,
        "4" : 100.000000,
        "8" : 0.000000,
        "16" : 0.000000,
        "32" : 0.000000,
        "64" : 0.000000,
        ">=64" : 0.000000
      },
      "iodepth_complete" : {
        "0" : 0.000000,
        "4" : 100.000000,
        "8" : 0.000000,
        "16" : 0.000000,
        "32" : 0.000000,
        "64" : 0.000000,
        ">=64" : 0.000000
      },
      "latency_ns" : {
        "2" : 0.000000,
        "4" : 0.000000,
        "10" : 0.000000,
        "20" : 0.000000,
        "50" : 0.000000,
        "100" : 0.000000,
        "250" : 0.000000,
        "500" : 0.000000,
        "750" : 0.000000,
        "1000" : 0.000000
      },
      "latency_us" : {
        "2" : 63.493608,
        "4" : 11.235379,
        "10" : 12.234084,
        "20" : 12.996903,
        "50" : 0.039098,
        "100" : 0.010000,
        "250" : 0.010000,
        "500" : 0.000000,
        "750" : 0.010000,
        "1000" : 0.000000
      },
      "latency_ms" : {
        "2" : 0.000000,
        "4" : 0.000000,
        "10" : 0.000000,
        "20" : 0.000000,
        "50" : 0.000000,
        "100" : 0.000000,
        "250" : 0.000000,
        "500" : 0.000000,
        "750" : 0.000000,
        "1000" : 0.000000,
        "2000" : 0.000000,
        ">=2000" : 0.000000
      },
      "latency_depth" : 1,
      "latency_target" : 0,
      "latency_percentile" : 100.000000,
      "latency_window" : 0
    }
  ],
  "disk_util" : [
    {
      "name" : "nvme1n1",
      "read_ios" : 0,
      "write_ios" : 0,
      "read_merges" : 0,
      "write_merges" : 0,
      "read_ticks" : 0,