{
  "fio version" : "fio-3.16",
  "timestamp" : 1758005933,
  "timestamp_ms" : 1758005933705,
  "time" : "Tue Sep 16 06:58:53 2025",
  "jobs" : [
    {
      "jobname" : "byte_addressable_512",
      "groupid" : 0,
      "error" : 0,
      "eta" : 0,
      "elapsed" : 61,
      "job options" : {
        "name" : "byte_addressable_512",
        "filename" : "/samsung/byte_test.dat",
        "size" : "1G",
        "bs" : "512",
        "rw" : "write",
        "ioengine" : "sync",
        "direct" : "0",
        "fdatasync" : "1",
        "runtime" : "60",
        "iodepth" : "1",
        "numjobs" : "1"
      },
      "read" : {
        "io_bytes" : 0,
        "io_kbytes" : 0,
        "bw_bytes" : 0,
        "bw" : 0,
        "iops" : 0.000000,
        "runtime" : 0,
        "total_ios" : 0,
        "short_ios" : 623610,
        "drop_ios" : 0,
        "slat_ns" : {
          "min" : 0,
          "max" : 0,
          "mean" : 0.000000,
          "stddev" : 0.000000
        },
        "clat_ns" : {
          "min" : 0,
          "max" : 0,
          "mean" : 0.000000,
          "stddev" : 0.000000,
          "percentile" : {
            "1.000000" : 0,
            "5.000000" : 0,
            "10.000000" : 0,
            "20.000000" : 0,
            "30.000000" : 0,
            "40.000000" : 0,
            "50.000000" : 0,
            "60.000000" : 0,
            "70.000000" : 0,
            "80.000000" : 0,
            "90.000000" : 0,
            "95.000000" : 0,
            "99.000000" : 0,
            "99.500000" : 0,
            "99.900000" : 0,
            "99.950000" : 0,
            "99.990000" : 0
          }
        },
        "lat_ns" : {
          "min" : 0,
          "max" : 0,
          "mean" : 0.000000,
          "stddev" : 0.000000
        },
        "bw_min" : 0,
        "bw_max" : 0,
        "bw_agg" : 0.000000,
        "bw_mean" : 0.000000,
        "bw_dev" : 0.000000,
        "bw_samples" : 0,
        "iops_min" : 0,
        "iops_max" : 0,
        "iops_mean" : 0.000000,
        "iops_stddev" : 0.000000,
        "iops_samples" : 0
      },
      "write" : {
        "io_bytes" : 319288320,
        "io_kbytes" : 311805,
        "bw_bytes" : 5321383,
        "bw" : 5196,
        "iops" : 10393.326778,
        "runtime" : 60001,
        "total_ios" : 623610,
        "short_ios" : 0,
        "drop_ios" : 0,
        "slat_ns" : {
          "min" : 0,
          "max" : 0,
          "mean" : 0.000000,
          "stddev" : 0.000000
        },
        "clat_ns" : {
          "min" : 1335,
          "max" : 120060,
          "mean" : 5219.772053,
          "stddev" : 4674.940614,
          "percentile" : {
            "1.000000" : 1432,
            "5.000000" : 1480,
            "10.000000" : 1528,
            "20.000000" : 1624,
            "30.000000" : 1768,
            "40.000000" : 2480,
            "50.000000" : 2960,
            "60.000000" : 3984,
            "70.000000" : 4704,
            "80.000000" : 10688,
            "90.000000" : 11840,
            "95.000000" : 14784,
            "99.000000" : 18816,
            "99.500000" : 20352,
            "99.900000" : 23936,
            "99.950000" : 26240,
            "99.990000" : 33536
          }
        },
        "lat_ns" : {
          "min" : 1386,
          "max" : 120705,
          "mean" : 5429.204836,
          "stddev" : 4874.269579
        },
        "bw_min" : 3639,
        "bw_max" : 8136,
        "bw_agg" : 100.000000,
        "bw_mean" : 5200.613445,
        "bw_dev" : 804.802535,
        "bw_samples" : 119,
        "iops_min" : 7278,
        "iops_max" : 16272,
        "iops_mean" : 10401.226891,
        "iops_stddev" : 1609.605070,
        "iops_samples" : 119
      },
      "trim" : {
        "io_bytes" : 0,
        "io_kbytes" : 0,
        "bw_bytes" : 0,
        "bw" : 0,
        "iops" : 0.000000,
        "runtime" : 0,
        "total_ios" : 0,
        "short_ios" : 0,
        "drop_ios" : 0,
        "slat_ns" : {
          "min" : 0,
          "max" : 0,
          "mean" : 0.000000,
          "stddev" : 0.000000
        },
        "clat_ns" : {
          "min" : 0,
          "max" : 0,
          "mean" : 0.000000,
          "stddev" : 0.000000,
          "percentile" : {
            "1.000000" : 0,
            "5.000000" : 0,
            "10.000000" : 0,
            "20.000000" : 0,
            "30.000000" : 0,
            "40.000000" : 0,
            "50.000000" : 0,
            "60.000000" : 0,
            "70.000000" : 0,
            "80.000000" : 0,
            "90.000000" : 0,
            "95.000000" : 0,
            "99.000000" : 0,
            "99.500000" : 0,
            "99.900000" : 0,
            "99.950000" : 0,
            "99.990000" : 0
          }
        },
        "lat_ns" : {
          "min" : 0,
          "max" : 0,
          "mean" : 0.000000,
          "stddev" : 0.000000
        },
        "bw_min" : 0,
        "bw_max" : 0,
        "bw_agg" : 0.000000,
        "bw_mean" : 0.000000,
        "bw_dev" : 0.000000,
        "bw_samples" : 0,
        "iops_min" : 0,
        "iops_max" : 0,
        "iops_mean" : 0.000000,
        "iops_stddev" : 0.000000,
        "iops_samples" : 0
      },
      "sync" : {
        "lat_ns" : {
          "min" : 21251,
          "max" : 1026938,
          "mean" : 88791.063873,
          "stddev" : 105045.569305,
          "percentile" : {
            "1.000000" : 23680,
            "5.000000" : 24192,
            "10.000000" : 24448,
            "20.000000" : 25216,
            "30.000000" : 25728,
            "40.000000" : 27264,
            "50.000000" : 41728,
            "60.000000" : 56576,
            "70.000000" : 64768,
            "80.000000" : 158720,
            "90.000000" : 187392,
            "95.000000" : 354304,
            "99.000000" : 489472,
            "99.500000" : 509952,
            "99.900000" : 585728,
            "99.950000" : 610304,
            "99.990000" : 643072
          }
        },
        "total_ios" : 0
      },
      "job_runtime" : 60000,
      "usr_cpu" : 5.186667,
      "sys_cpu" : 26.401667,
      "ctx" : 701589,
      "majf" : 0,
      "minf" : 14,
      "iodepth_level" : {
        "1" : 200.000000,
        "2" : 0.000000,
        "4" : 0.000000,
        "8" : 0.000000,
        "16" : 0.000000,
        "32" : 0.000000,
        ">=64" : 0.000000
      },
      "iodepth_submit" : {
        "0" : 0.000000,
        "4" : 100.000000,
        "8" : 0.000000,
        "16" : 0.000000,
        "32" : 0.000000,
        "64" : 0.000000,
        ">=64" : 0.000000
      },
      "iodepth_complete" : {
        "0" : 0.000000,
        "4" : 100.000000,
        "8" : 0.000000,
        "16" : 0.000000,
        "32" : 0.000000,
        "64" : 0.000000,
        ">=64" : 0.000000
      },
      "latency_ns" : {
        "2" : 0.000000,
        "4" : 0.000000,
        "10" : 0.000000,
        "20" : 0.000000,
        "50" : 0.000000,
        "100" : 0.000000,
        "250" : 0.000000,
        "500" : 0.000000,
        "750" : 0.000000,
        "1000" : 0.000000
      },
      "latency_us" : {
        "2" : 35.886371,
        "4" : 24.224275,
        "10" : 15.188820,
        "20" : 24.057664,
        "50" : 0.642068,
        "100" : 0.010000,
        "250" : 0.010000,
        "500" : 0.000000,
        "750" : 0.000000,
        "1000" : 0.000000
      },
      "latency_ms" : {
        "2" : 0.000000,
        "4" : 0.000000,
        "10" : 0.000000,
        "20" : 0.000000,
        "50" : 0.000000,
        "100" : 0.000000,
        "250" : 0.000000,
        "500" : 0.000000,
        "750" : 0.000000,
        "1000" : 0.000000,
        "2000" : 0.000000,
        ">=2000" : 0.000000
      },
      "latency_depth" : 1,
      "latency_target" : 0,
      "latency_percentile" : 100.000000,
      "latency_window" : 0
    }
  ],
  "disk_util" : [
    {
      "name" : "nvme1n1",
      "read_ios" : 0,
      "write_ios" : 0,
      "read_merges" : 0,
      "write_merges" : 0,
      "read_ticks" : 0,