{
  "fio version" : "fio-3.16",
  "timestamp" : 1758005547,
  "timestamp_ms" : 1758005547131,
  "time" : "Tue Sep 16 06:52:27 2025",
  "jobs" : [
    {
      "jobname" : "byte_addressable_8",
      "groupid" : 0,
      "error" : 0,
      "eta" : 0,
      "elapsed" : 61,
      "job options" : {
        "name" : "byte_addressable_8",
        "filename" : "/samsung/byte_test.dat",
        "size" : "1G",
        "bs" : "8",
        "rw" : "write",
        "ioengine" : "sync",
        "direct" : "0",
        "fdatasync" : "1",
        "runtime" : "60",
        "iodepth" : "1",
        "numjobs" : "1"
      },
      "read" : {
        "io_bytes" : 0,
        "io_kbytes" : 0,
        "bw_bytes" : 0,
        "bw" : 0,
        "iops" : 0.000000,
        "runtime" : 0,
        "total_ios" : 0,
        "short_ios" : 1539116,
        "drop_ios" : 0,
        "slat_ns" : {
          "min" : 0,
          "max" : 0,
          "mean" : 0.000000,
          "stddev" : 0.000000
        },
        "clat_ns" : {
          "min" : 0,
          "max" : 0,
          "mean" : 0.000000,
          "stddev" : 0.000000,
          "percentile" : {
            "1.000000" : 0,
            "5.000000" : 0,
            "10.000000" : 0,
            "20.000000" : 0,
            "30.000000" : 0,
            "40.000000" : 0,
            "50.000000" : 0,
            "60.000000" : 0,
            "70.000000" : 0,
            "80.000000" : 0,
            "90.000000" : 0,
            "95.000000" : 0,
            "99.000000" : 0,
            "99.500000" : 0,
            "99.900000" : 0,
            "99.950000" : 0,
            "99.990000" : 0
          }
        },
        "lat_ns" : {
          "min" : 0,
          "max" : 0,
          "mean" : 0.000000,
          "stddev" : 0.000000
        },
        "bw_min" : 0,
        "bw_max" : 0,
        "bw_agg" : 0.000000,
        "bw_mean" : 0.000000,
        "bw_dev" : 0.000000,
        "bw_samples" : 0,
        "iops_min" : 0,
        "iops_max" : 0,
        "iops_mean" : 0.000000,
        "iops_stddev" : 0.000000,
        "iops_samples" : 0
      },
      "write" : {
        "io_bytes" : 12312928,
        "io_kbytes" : 12024,
        "bw_bytes" : 205212,
        "bw" : 200,
        "iops" : 25651.505808,
        "runtime" : 60001,
        "total_ios" : 1539116,
        "short_ios" : 0,
        "drop_ios" : 0,
        "slat_ns" : {
          "min" : 0,
          "max" : 0,
          "mean" : 0.000000,
          "stddev" : 0.000000
        },
        "clat_ns" : {
          "min" : 573,
          "max" : 95798,
          "mean" : 1952.281746,
          "stddev" : 2550.917482,
          "percentile" : {
            "1.000000" : 596,
            "5.000000" : 604,
            "10.000000" : 612,
            "20.000000" : 620,
            "30.000000" : 660,
            "40.000000" : 1128,
            "50.000000" : 1144,
            "60.000000" : 1160,
            "70.000000" : 1192,
            "80.000000" : 1352,
            "90.000000" : 4256,
            "95.000000" : 9920,
            "99.000000" : 10688,
            "99.500000" : 10944,
            "99.900000" : 14400,
            "99.950000" : 15296,
            "99.990000" : 20352
          }
        },
        "lat_ns" : {
          "min" : 595,
          "max" : 95844,
          "mean" : 2039.528689,
          "stddev" : 2693.043903
        },
        "bw_min" : 87,
        "bw_max" : 360,
        "bw_agg" : 99.945833,
        "bw_mean" : 199.891667,
        "bw_dev" : 86.094124,
        "bw_samples" : 120,
        "iops_min" : 11188,
        "iops_max" : 46150,
        "iops_mean" : 25651.350000,
        "iops_stddev" : 11018.659108,
        "iops_samples" : 120
      },
      "trim" : {
        "io_bytes" : 0,
        "io_kbytes" : 0,
        "bw_bytes" : 0,
        "bw" : 0,
        "iops" : 0.000000,
        "runtime" : 0,
        "total_ios" : 0,
        "short_ios" : 0,
        "drop_ios" : 0,
        "slat_ns" : {
          "min" : 0,
          "max" : 0,
          "mean" : 0.000000,
          "stddev" : 0.000000
        },
        "clat_ns" : {
          "min" : 0,
          "max" : 0,
          "mean" : 0.000000,
          "stddev" : 0.000000,
          "percentile" : {
            "1.000000" : 0,
            "5.000000" : 0,
            "10.000000" : 0,
            "20.000000" : 0,
            "30.000000" : 0,
            "40.000000" : 0,
            "50.000000" : 0,
            "60.000000" : 0,
            "70.000000" : 0,
            "80.000000" : 0,
            "90.000000" : 0,
            "95.000000" : 0,
            "99.000000" : 0,
            "99.500000" : 0,
            "99.900000" : 0,
            "99.950000" : 0,
            "99.990000" : 0
          }
        },
        "lat_ns" : {
          "min" : 0,
          "max" : 0,
          "mean" : 0.000000,
          "stddev" : 0.000000
        },
        "bw_min" : 0,
        "bw_max" : 0,
        "bw_agg" : 0.000000,
        "bw_mean" : 0.000000,
        "bw_dev" : 0.000000,
        "bw_samples" : 0,
        "iops_min" : 0,
        "iops_max" : 0,
        "iops_mean" : 0.000000,
        "iops_stddev" : 0.000000,
        "iops_samples" : 0
      },
      "sync" : {
        "lat_ns" : {
          "min" : 16272,
          "max" : 714320,
          "mean" : 36053.245410,
          "stddev" : 39020.645736,
          "percentile" : {
            "1.000000" : 17280,
            "5.000000" : 20352,
            "10.000000" : 20608,
            "20.000000" : 21120,
            "30.000000" : 21632,
            "40.000000" : 22656,
            "50.000000" : 22912,
            "60.000000" : 23168,
            "70.000000" : 23680,
            "80.000000" : 25984,
            "90.000000" : 56576,
            "95.000000" : 154624,
            "99.000000" : 168960,
            "99.500000" : 181248,
            "99.900000" : 321536,
            "99.950000" : 358400,
            "99.990000" : 505856
          }
        },
        "total_ios" : 0
      },
      "job_runtime" : 60000,
      "usr_cpu" : 5.775000,
      "sys_cpu" : 23.061667,
      "ctx" : 1542152,
      "majf" : 0,
      "minf" : 13,
      "iodepth_level" : {
        "1" : 200.000000,
        "2" : 0.000000,
        "4" : 0.000000,
        "8" : 0.000000,
        "16" : 0.000000,
        "32" : 0.000000,
        ">=64" : 0.000000
      },
      "iodepth_submit" : {
        "0" : 0.000000,
        "4" : 100.000000,
        "8" : 0.000000,
        "16" : 0.000000,
        "32" : 0.000000,
        "64" : 0.000000,
        ">=64" : 0.000000
      },
      "iodepth_complete" : {
        "0" : 0.000000,
        "4" : 100.000000,
        "8" : 0.000000,
        "16" : 0.000000,
        "32" : 0.000000,
        "64" : 0.000000,
        ">=64" : 0.000000
      },
      "latency_ns" : {
        "2" : 0.000000,
        "4" : 0.000000,
        "10" : 0.000000,
        "20" : 0.000000,
        "50" : 0.000000,
        "100" : 0.000000,
        "250" : 0.000000,
        "500" : 0.000000,
        "750" : 31.464100,
        "1000" : 0.417707
      },
      "latency_us" : {
        "2" : 49.690537,
        "4" : 6.514324,
        "10" : 7.189257,
        "20" : 4.712965,
        "50" : 0.010850,
        "100" : 0.010000,
        "250" : 0.000000,
        "500" : 0.000000,
        "750" : 0.000000,
        "1000" : 0.000000
      },
      "latency_ms" : {
        "2" : 0.000000,
        "4" : 0.000000,
        "10" : 0.000000,
        "20" : 0.000000,
        "50" : 0.000000,
        "100" : 0.000000,
        "250" : 0.000000,
        "500" : 0.000000,
        "750" : 0.000000,
        "1000" : 0.000000,
        "2000" : 0.000000,
        ">=2000" : 0.000000
      },
      "latency_depth" : 1,
      "latency_target" : 0,
      "latency_percentile" : 100.000000,
      "latency_window" : 0
    }
  ],
  "disk_util" : [
    {
      "name" : "nvme1n1",
      "read_ios" : 0,
      "write_ios" : 0,
      "read_merges" : 0,
      "write_merges" : 0,
      "read_ticks" : 0,
      "write_ticks" : 0,