{
  "fio version" : "fio-3.36",
  "timestamp" : 1765476871,
  "timestamp_ms" : 1765476871195,
  "time" : "Thu Dec 11 18:14:31 2025",
  "jobs" : [
    {
      "jobname" : "byte_raw_16",
      "groupid" : 0,
      "job_start" : 1765476841145,
      "error" : 0,
      "eta" : 0,
      "elapsed" : 31,
      "job options" : {
        "name" : "byte_raw_16",
        "filename" : "/dev/nvmex0n1",
        "size" : "1G",
        "bs" : "16",
        "rw" : "randwrite",
        "ioengine" : "mmap",
        "runtime" : "30",
        "iodepth" : "1",
        "numjobs" : "1"
      },
      "read" : {
        "io_bytes" : 0,
        "io_kbytes" : 0,
        "bw_bytes" : 0,
        "bw" : 0,
        "iops" : 0.000000,
        "runtime" : 0,
        "total_ios" : 0,
        "short_ios" : 0,
        "drop_ios" : 0,
        "slat_ns" : {
          "min" : 0,
          "max" : 0,
          "mean" : 0.000000,
          "stddev" : 0.000000,
          "N" : 0
        },
        "clat_ns" : {
          "min" : 0,
          "max" : 0,
          "mean" : 0.000000,
          "stddev" : 0.000000,
          "N" : 0
        },
        "lat_ns" : {
          "min" : 0,
          "max" : 0,
          "mean" : 0.000000,
          "stddev" : 0.000000,
          "N" : 0
        },
        "bw_min" : 0,
        "bw_max" : 0,
        "bw_agg" : 0.000000,
        "bw_mean" : 0.000000,
        "bw_dev" : 0.000000,
        "bw_samples" : 0,
        "iops_min" : 0,
        "iops_max" : 0,
        "iops_mean" : 0.000000,
        "iops_stddev" : 0.000000,
        "iops_samples" : 0
      },
      "write" : {
        "io_bytes" : 1010056608,
        "io_kbytes" : 986383,
        "bw_bytes" : 33668553,
        "bw" : 32879,
        "iops" : 2104284.600000,
        "runtime" : 30000,
        "total_ios" : 63128538,
        "short_ios" : 0,
        "drop_ios" : 0,
        "slat_ns" : {
          "min" : 0,
          "max" : 0,
          "mean" : 0.000000,
          "stddev" : 0.000000,
          "N" : 0
        },
        "clat_ns" : {
          "min" : 10,
          "max" : 6289904,
          "mean" : 141.380878,
          "stddev" : 3445.973882,
          "N" : 63128538,
          "percentile" : {
            "1.000000" : 12,
            "5.000000" : 12,
            "10.000000" : 12,
            "20.000000" : 12,
            "30.000000" : 12,
            "40.000000" : 13,
            "50.000000" : 13,
            "60.000000" : 13,
            "70.000000" : 17,
            "80.000000" : 18,
            "90.000000" : 18,
            "95.000000" : 19,
            "99.000000" : 20,
            "99.500000" : 57,
            "99.900000" : 21632,
            "99.950000" : 22656,
            "99.990000" : 183296
          }
        },
        "lat_ns" : {
          "min" : 21,
          "max" : 6289914,
          "mean" : 183.529671,
          "stddev" : 3448.143230,
          "N" : 63128538
        },
        "bw_min" : 20,
        "bw_max" : 82623,
        "bw_agg" : 100.000000,
        "bw_mean" : 42626.311111,
        "bw_dev" : 32673.265934,
        "bw_samples" : 45,
        "iops_min" : 1280,
        "iops_max" : 5287876,
        "iops_mean" : 2728112.044444,
        "iops_stddev" : 2091092.732015,
        "iops_samples" : 45
      },
      "trim" : {
        "io_bytes" : 0,
        "io_kbytes" : 0,
        "bw_bytes" : 0,
        "bw" : 0,
        "iops" : 0.000000,
        "runtime" : 0,
        "total_ios" : 0,
        "short_ios" : 0,
        "drop_ios" : 0,
        "slat_ns" : {
          "min" : 0,
          "max" : 0,
          "mean" : 0.000000,
          "stddev" : 0.000000,
          "N" : 0
        },
        "clat_ns" : {
          "min" : 0,
          "max" : 0,
          "mean" : 0.000000,
          "stddev" : 0.000000,
          "N" : 0
        },
        "lat_ns" : {
          "min" : 0,
          "max" : 0,
          "mean" : 0.000000,
          "stddev" : 0.000000,
          "N" : 0
        },
        "bw_min" : 0,
        "bw_max" : 0,
        "bw_agg" : 0.000000,
        "bw_mean" : 0.000000,
        "bw_dev" : 0.000000,
        "bw_samples" : 0,
        "iops_min" : 0,
        "iops_max" : 0,
        "iops_mean" : 0.000000,
        "iops_stddev" : 0.000000,
        "iops_samples" : 0
      },
      "sync" : {
        "total_ios" : 0,
        "lat_ns" : {
          "min" : 0,
          "max" : 0,
          "mean" : 0.000000,
          "stddev" : 0.000000,
          "N" : 0
        }
      },
      "job_runtime" : 30000,
      "usr_cpu" : 49.373333,
      "sys_cpu" : 3.156667,
      "ctx" : 262560,
      "majf" : 262144,
      "minf" : 15,
      "iodepth_level" : {
        "1" : 100.000000,
        "2" : 0.000000,
        "4" : 0.000000,
        "8" : 0.000000,
        "16" : 0.000000,
        "32" : 0.000000,
        ">=64" : 0.000000
      },
      "iodepth_submit" : {
        "0" : 0.000000,
        "4" : 100.000000,
        "8" : 0.000000,
        "16" : 0.000000,
        "32" : 0.000000,
        "64" : 0.000000,
        ">=64" : 0.000000
      },
      "iodepth_complete" : {
        "0" : 0.000000,
        "4" : 100.000000,
        "8" : 0.000000,
        "16" : 0.000000,
        "32" : 0.000000,
        "64" : 0.000000,
        ">=64" : 0.000000
      },
      "latency_ns" : {
        "2" : 0.000000,
        "4" : 0.000000,
        "10" : 0.000000,
        "20" : 98.050992,
        "50" : 1.442826,
        "100" : 0.070290,
        "250" : 0.014681,
        "500" : 0.010000,
        "750" : 0.010000,
        "1000" : 0.010000
      },
      "latency_us" : {
        "2" : 0.010000,
        "4" : 0.010000,
        "10" : 0.010000,
        "20" : 0.237154,
        "50" : 0.148057,
        "100" : 0.010000,
        "250" : 0.025801,
        "500" : 0.010000,
        "750" : 0.010000,
        "1000" : 0.000000
      },
      "latency_ms" : {
        "2" : 0.000000,
        "4" : 0.000000,
        "10" : 0.010000,
        "20" : 0.000000,
        "50" : 0.000000,
        "100" : 0.000000,
        "250" : 0.000000,
        "500" : 0.000000,
        "750" : 0.000000,
        "1000" : 0.000000,
        "2000" : 0.000000,
        ">=2000" : 0.000000
      },
      "latency_depth" : 1,
      "latency_target" : 0,
      "latency_percentile" : 100.000000,
      "latency_window" : 0
    }
  ],
  "disk_util" : [
    {
      "name" : "nvmex0n1",
      "read_ios" : 268896,
      "write_ios" : 4096,
      "read_sectors" : 3814960,
      "write_sectors" : 2097152,
      "read_merges" : 0,
      "write_merges" : 0,
      "read_ticks" : 7947,
      "write_ticks" : 6621971,
      "in_queue" : 6629918,
      "util" : 49.664609
    }
  ]
}
