{
  "fio version" : "fio-3.36",
  "timestamp" : 1765477030,
  "timestamp_ms" : 1765477030278,
  "time" : "Thu Dec 11 18:17:10 2025",
  "jobs" : [
    {
      "jobname" : "byte_raw_256",
      "groupid" : 0,
      "job_start" : 1765477000140,
      "error" : 0,
      "eta" : 0,
      "elapsed" : 31,
      "job options" : {
        "name" : "byte_raw_256",
        "filename" : "/dev/nvmex0n1",
        "size" : "1G",
        "bs" : "256",
        "rw" : "randwrite",
        "ioengine" : "mmap",
        "runtime" : "30",
        "iodepth" : "1",
        "numjobs" : "1"
      },
      "read" : {
        "io_bytes" : 0,
        "io_kbytes" : 0,
        "bw_bytes" : 0,
        "bw" : 0,
        "iops" : 0.000000,
        "runtime" : 0,
        "total_ios" : 0,
        "short_ios" : 0,
        "drop_ios" : 0,
        "slat_ns" : {
          "min" : 0,
          "max" : 0,
          "mean" : 0.000000,
          "stddev" : 0.000000,
          "N" : 0
        },
        "clat_ns" : {
          "min" : 0,
          "max" : 0,
          "mean" : 0.000000,
          "stddev" : 0.000000,
          "N" : 0
        },
        "lat_ns" : {
          "min" : 0,
          "max" : 0,
          "mean" : 0.000000,
          "stddev" : 0.000000,
          "N" : 0
        },
        "bw_min" : 0,
        "bw_max" : 0,
        "bw_agg" : 0.000000,
        "bw_mean" : 0.000000,
        "bw_dev" : 0.000000,
        "bw_samples" : 0,
        "iops_min" : 0,
        "iops_max" : 0,
        "iops_mean" : 0.000000,
        "iops_stddev" : 0.000000,
        "iops_samples" : 0
      },
      "write" : {
        "io_bytes" : 10737418496,
        "io_kbytes" : 10485760,
        "bw_bytes" : 356559025,
        "bw" : 348202,
        "iops" : 1392808.693631,
        "runtime" : 30114,
        "total_ios" : 41943041,
        "short_ios" : 0,
        "drop_ios" : 0,
        "slat_ns" : {
          "min" : 0,
          "max" : 0,
          "mean" : 0.000000,
          "stddev" : 0.000000,
          "N" : 0
        },
        "clat_ns" : {
          "min" : 11,
          "max" : 6551552,
          "mean" : 193.253387,
          "stddev" : 2295.598558,
          "N" : 41943041,
          "percentile" : {
            "1.000000" : 12,
            "5.000000" : 13,
            "10.000000" : 13,
            "20.000000" : 13,
            "30.000000" : 15,
            "40.000000" : 17,
            "50.000000" : 18,
            "60.000000" : 18,
            "70.000000" : 18,
            "80.000000" : 19,
            "90.000000" : 20,
            "95.000000" : 804,
            "99.000000" : 1020,
            "99.500000" : 16768,
            "99.900000" : 21120,
            "99.950000" : 21632,
            "99.990000" : 35072
          }
        },
        "lat_ns" : {
          "min" : 21,
          "max" : 6551568,
          "mean" : 218.846200,
          "stddev" : 2296.309232,
          "N" : 41943041
        },
        "bw_min" : 1543,
        "bw_max" : 1155522,
        "bw_agg" : 100.000000,
        "bw_mean" : 511500.097561,
        "bw_dev" : 436577.468597,
        "bw_samples" : 41,
        "iops_min" : 6172,
        "iops_max" : 4622088,
        "iops_mean" : 2046001.804878,
        "iops_stddev" : 1746309.803256,
        "iops_samples" : 41
      },
      "trim" : {
        "io_bytes" : 0,
        "io_kbytes" : 0,
        "bw_bytes" : 0,
        "bw" : 0,
        "iops" : 0.000000,
        "runtime" : 0,
        "total_ios" : 0,
        "short_ios" : 0,
        "drop_ios" : 0,
        "slat_ns" : {
          "min" : 0,
          "max" : 0,
          "mean" : 0.000000,
          "stddev" : 0.000000,
          "N" : 0
        },
        "clat_ns" : {
          "min" : 0,
          "max" : 0,
          "mean" : 0.000000,
          "stddev" : 0.000000,
          "N" : 0
        },
        "lat_ns" : {
          "min" : 0,
          "max" : 0,
          "mean" : 0.000000,
          "stddev" : 0.000000,
          "N" : 0
        },
        "bw_min" : 0,
        "bw_max" : 0,
        "bw_agg" : 0.000000,
        "bw_mean" : 0.000000,
        "bw_dev" : 0.000000,
        "bw_samples" : 0,
        "iops_min" : 0,
        "iops_max" : 0,
        "iops_mean" : 0.000000,
        "iops_stddev" : 0.000000,
        "iops_samples" : 0
      },
      "sync" : {
        "total_ios" : 0,
        "lat_ns" : {
          "min" : 0,
          "max" : 0,
          "mean" : 0.000000,
          "stddev" : 0.000000,
          "N" : 0
        }
      },
      "job_runtime" : 30113,
      "usr_cpu" : 31.119450,
      "sys_cpu" : 18.121741,
      "ctx" : 277935,
      "majf" : 262144,
      "minf" : 2424856,
      "iodepth_level" : {
        "1" : 100.000000,
        "2" : 0.000000,
        "4" : 0.000000,
        "8" : 0.000000,
        "16" : 0.000000,
        "32" : 0.000000,
        ">=64" : 0.000000
      },
      "iodepth_submit" : {
        "0" : 0.000000,
        "4" : 100.000000,
        "8" : 0.000000,
        "16" : 0.000000,
        "32" : 0.000000,
        "64" : 0.000000,
        ">=64" : 0.000000
      },
      "iodepth_complete" : {
        "0" : 0.000000,
        "4" : 100.000000,
        "8" : 0.000000,
        "16" : 0.000000,
        "32" : 0.000000,
        "64" : 0.000000,
        ">=64" : 0.000000
      },
      "latency_ns" : {
        "2" : 0.000000,
        "4" : 0.000000,
        "10" : 0.000000,
        "20" : 86.138294,
        "50" : 6.250872,
        "100" : 1.295390,
        "250" : 0.058856,
        "500" : 0.010000,
        "750" : 0.169277,
        "1000" : 5.021598
      },
      "latency_us" : {
        "2" : 0.422766,
        "4" : 0.010000,
        "10" : 0.010000,
        "20" : 0.457129,
        "50" : 0.159242,
        "100" : 0.010000,
        "250" : 0.010000,
        "500" : 0.010000,
        "750" : 0.010000,
        "1000" : 0.000000
      },
      "latency_ms" : {
        "2" : 0.000000,
        "4" : 0.000000,
        "10" : 0.010000,
        "20" : 0.000000,
        "50" : 0.000000,
        "100" : 0.000000,
        "250" : 0.000000,
        "500" : 0.000000,
        "750" : 0.000000,
        "1000" : 0.000000,
        "2000" : 0.000000,
        ">=2000" : 0.000000
      },
      "latency_depth" : 1,
      "latency_target" : 0,
      "latency_percentile" : 100.000000,
      "latency_window" : 0
    }
  ],
  "disk_util" : [
    {
      "name" : "nvmex0n1",
      "read_ios" : 268921,
      "write_ios" : 43805,
      "read_sectors" : 3816976,
      "write_sectors" : 22428672,
      "read_merges" : 0,
      "write_merges" : 2536821,
      "read_ticks" : 6322,
      "write_ticks" : 8331463,
      "in_queue" : 8337786,
      "util" : 60.662194
    }
  ]
}
