{
  "fio version" : "fio-3.36",
  "timestamp" : 1765477159,
  "timestamp_ms" : 1765477159366,
  "time" : "Thu Dec 11 18:19:19 2025",
  "jobs" : [
    {
      "jobname" : "byte_raw_2048",
      "groupid" : 0,
      "job_start" : 1765477129334,
      "error" : 0,
      "eta" : 0,
      "elapsed" : 31,
      "job options" : {
        "name" : "byte_raw_2048",
        "filename" : "/dev/nvmex0n1",
        "size" : "1G",
        "bs" : "2048",
        "rw" : "randwrite",
        "ioengine" : "mmap",
        "runtime" : "30",
        "iodepth" : "1",
        "numjobs" : "1"
      },
      "read" : {
        "io_bytes" : 0,
        "io_kbytes" : 0,
        "bw_bytes" : 0,
        "bw" : 0,
        "iops" : 0.000000,
        "runtime" : 0,
        "total_ios" : 0,
        "short_ios" : 0,
        "drop_ios" : 0,
        "slat_ns" : {
          "min" : 0,
          "max" : 0,
          "mean" : 0.000000,
          "stddev" : 0.000000,
          "N" : 0
        },
        "clat_ns" : {
          "min" : 0,
          "max" : 0,
          "mean" : 0.000000,
          "stddev" : 0.000000,
          "N" : 0
        },
        "lat_ns" : {
          "min" : 0,
          "max" : 0,
          "mean" : 0.000000,
          "stddev" : 0.000000,
          "N" : 0
        },
        "bw_min" : 0,
        "bw_max" : 0,
        "bw_agg" : 0.000000,
        "bw_mean" : 0.000000,
        "bw_dev" : 0.000000,
        "bw_samples" : 0,
        "iops_min" : 0,
        "iops_max" : 0,
        "iops_mean" : 0.000000,
        "iops_stddev" : 0.000000,
        "iops_samples" : 0
      },
      "write" : {
        "io_bytes" : 7569917952,
        "io_kbytes" : 7392498,
        "bw_bytes" : 252322187,
        "bw" : 246408,
        "iops" : 123204.193194,
        "runtime" : 30001,
        "total_ios" : 3696249,
        "short_ios" : 0,
        "drop_ios" : 0,
        "slat_ns" : {
          "min" : 0,
          "max" : 0,
          "mean" : 0.000000,
          "stddev" : 0.000000,
          "N" : 0
        },
        "clat_ns" : {
          "min" : 18,
          "max" : 9726423,
          "mean" : 2597.724435,
          "stddev" : 12283.251108,
          "N" : 3696249,
          "percentile" : {
            "1.000000" : 27,
            "5.000000" : 29,
            "10.000000" : 31,
            "20.000000" : 41,
            "30.000000" : 149,
            "40.000000" : 203,
            "50.000000" : 1064,
            "60.000000" : 1256,
            "70.000000" : 1368,
            "80.000000" : 1624,
            "90.000000" : 3696,
            "95.000000" : 18304,
            "99.000000" : 21632,
            "99.500000" : 22656,
            "99.900000" : 175104,
            "99.950000" : 203776,
            "99.990000" : 264192
          }
        },
        "lat_ns" : {
          "min" : 34,
          "max" : 9726532,
          "mean" : 2624.908436,
          "stddev" : 12343.407473,
          "N" : 3696249
        },
        "bw_min" : 404,
        "bw_max" : 1702868,
        "bw_agg" : 100.000000,
        "bw_mean" : 473550.193548,
        "bw_dev" : 499629.508689,
        "bw_samples" : 31,
        "iops_min" : 202,
        "iops_max" : 851434,
        "iops_mean" : 236775.225806,
        "iops_stddev" : 249815.117919,
        "iops_samples" : 31
      },
      "trim" : {
        "io_bytes" : 0,
        "io_kbytes" : 0,
        "bw_bytes" : 0,
        "bw" : 0,
        "iops" : 0.000000,
        "runtime" : 0,
        "total_ios" : 0,
        "short_ios" : 0,
        "drop_ios" : 0,
        "slat_ns" : {
          "min" : 0,
          "max" : 0,
          "mean" : 0.000000,
          "stddev" : 0.000000,
          "N" : 0
        },
        "clat_ns" : {
          "min" : 0,
          "max" : 0,
          "mean" : 0.000000,
          "stddev" : 0.000000,
          "N" : 0
        },
        "lat_ns" : {
          "min" : 0,
          "max" : 0,
          "mean" : 0.000000,
          "stddev" : 0.000000,
          "N" : 0
        },
        "bw_min" : 0,
        "bw_max" : 0,
        "bw_agg" : 0.000000,
        "bw_mean" : 0.000000,
        "bw_dev" : 0.000000,
        "bw_samples" : 0,
        "iops_min" : 0,
        "iops_max" : 0,
        "iops_mean" : 0.000000,
        "iops_stddev" : 0.000000,
        "iops_samples" : 0
      },
      "sync" : {
        "total_ios" : 0,
        "lat_ns" : {
          "min" : 0,
          "max" : 0,
          "mean" : 0.000000,
          "stddev" : 0.000000,
          "N" : 0
        }
      },
      "job_runtime" : 30000,
      "usr_cpu" : 6.316667,
      "sys_cpu" : 20.623333,
      "ctx" : 294504,
      "majf" : 262144,
      "minf" : 2073395,
      "iodepth_level" : {
        "1" : 100.000000,
        "2" : 0.000000,
        "4" : 0.000000,
        "8" : 0.000000,
        "16" : 0.000000,
        "32" : 0.000000,
        ">=64" : 0.000000
      },
      "iodepth_submit" : {
        "0" : 0.000000,
        "4" : 100.000000,
        "8" : 0.000000,
        "16" : 0.000000,
        "32" : 0.000000,
        "64" : 0.000000,
        ">=64" : 0.000000
      },
      "iodepth_complete" : {
        "0" : 0.000000,
        "4" : 100.000000,
        "8" : 0.000000,
        "16" : 0.000000,
        "32" : 0.000000,
        "64" : 0.000000,
        ">=64" : 0.000000
      },
      "latency_ns" : {
        "2" : 0.000000,
        "4" : 0.000000,
        "10" : 0.000000,
        "20" : 0.010000,
        "50" : 20.791402,
        "100" : 3.787597,
        "250" : 22.363266,
        "500" : 1.975733,
        "750" : 0.010000,
        "1000" : 0.315428
      },
      "latency_us" : {
        "2" : 36.460071,
        "4" : 6.134354,
        "10" : 1.056044,
        "20" : 3.694556,
        "50" : 3.117647,
        "100" : 0.089307,
        "250" : 0.197876,
        "500" : 0.012283,
        "750" : 0.010000,
        "1000" : 0.000000
      },
      "latency_ms" : {
        "2" : 0.010000,
        "4" : 0.010000,
        "10" : 0.010000,
        "20" : 0.000000,
        "50" : 0.000000,
        "100" : 0.000000,
        "250" : 0.000000,
        "500" : 0.000000,
        "750" : 0.000000,
        "1000" : 0.000000,
        "2000" : 0.000000,
        ">=2000" : 0.000000
      },
      "latency_depth" : 1,
      "latency_target" : 0,
      "latency_percentile" : 100.000000,
      "latency_window" : 0
    }
  ],
  "disk_util" : [
    {
      "name" : "nvmex0n1",
      "read_ios" : 266414,
      "write_ios" : 56125,
      "read_sectors" : 3177552,
      "write_sectors" : 16889696,
      "read_merges" : 0,
      "write_merges" : 1809575,
      "read_ticks" : 6632,
      "write_ticks" : 15201056,
      "in_queue" : 15207689,
      "util" : 81.826072
    }
  ]
}
