{
  "fio version" : "fio-3.36",
  "timestamp" : 1765476903,
  "timestamp_ms" : 1765476903945,
  "time" : "Thu Dec 11 18:15:03 2025",
  "jobs" : [
    {
      "jobname" : "byte_raw_32",
      "groupid" : 0,
      "job_start" : 1765476873894,
      "error" : 0,
      "eta" : 0,
      "elapsed" : 31,
      "job options" : {
        "name" : "byte_raw_32",
        "filename" : "/dev/nvmex0n1",
        "size" : "1G",
        "bs" : "32",
        "rw" : "randwrite",
        "ioengine" : "mmap",
        "runtime" : "30",
        "iodepth" : "1",
        "numjobs" : "1"
      },
      "read" : {
        "io_bytes" : 0,
        "io_kbytes" : 0,
        "bw_bytes" : 0,
        "bw" : 0,
        "iops" : 0.000000,
        "runtime" : 0,
        "total_ios" : 0,
        "short_ios" : 0,
        "drop_ios" : 0,
        "slat_ns" : {
          "min" : 0,
          "max" : 0,
          "mean" : 0.000000,
          "stddev" : 0.000000,
          "N" : 0
        },
        "clat_ns" : {
          "min" : 0,
          "max" : 0,
          "mean" : 0.000000,
          "stddev" : 0.000000,
          "N" : 0
        },
        "lat_ns" : {
          "min" : 0,
          "max" : 0,
          "mean" : 0.000000,
          "stddev" : 0.000000,
          "N" : 0
        },
        "bw_min" : 0,
        "bw_max" : 0,
        "bw_agg" : 0.000000,
        "bw_mean" : 0.000000,
        "bw_dev" : 0.000000,
        "bw_samples" : 0,
        "iops_min" : 0,
        "iops_max" : 0,
        "iops_mean" : 0.000000,
        "iops_stddev" : 0.000000,
        "iops_samples" : 0
      },
      "write" : {
        "io_bytes" : 2050451232,
        "io_kbytes" : 2002393,
        "bw_bytes" : 68348374,
        "bw" : 66746,
        "iops" : 2135886.700000,
        "runtime" : 30000,
        "total_ios" : 64076601,
        "short_ios" : 0,
        "drop_ios" : 0,
        "slat_ns" : {
          "min" : 0,
          "max" : 0,
          "mean" : 0.000000,
          "stddev" : 0.000000,
          "N" : 0
        },
        "clat_ns" : {
          "min" : 10,
          "max" : 7307539,
          "mean" : 132.855575,
          "stddev" : 3133.960719,
          "N" : 64076601,
          "percentile" : {
            "1.000000" : 12,
            "5.000000" : 12,
            "10.000000" : 12,
            "20.000000" : 12,
            "30.000000" : 12,
            "40.000000" : 13,
            "50.000000" : 13,
            "60.000000" : 16,
            "70.000000" : 17,
            "80.000000" : 18,
            "90.000000" : 18,
            "95.000000" : 19,
            "99.000000" : 41,
            "99.500000" : 924,
            "99.900000" : 21632,
            "99.950000" : 22144,
            "99.990000" : 171008
          }
        },
        "lat_ns" : {
          "min" : 20,
          "max" : 7307605,
          "mean" : 170.976730,
          "stddev" : 3135.116627,
          "N" : 64076601
        },
        "bw_min" : 39,
        "bw_max" : 163130,
        "bw_agg" : 100.000000,
        "bw_mean" : 86392.400000,
        "bw_dev" : 65803.019526,
        "bw_samples" : 45,
        "iops_min" : 1252,
        "iops_max" : 5220186,
        "iops_mean" : 2764570.755556,
        "iops_stddev" : 2105699.171837,
        "iops_samples" : 45
      },
      "trim" : {
        "io_bytes" : 0,
        "io_kbytes" : 0,
        "bw_bytes" : 0,
        "bw" : 0,
        "iops" : 0.000000,
        "runtime" : 0,
        "total_ios" : 0,
        "short_ios" : 0,
        "drop_ios" : 0,
        "slat_ns" : {
          "min" : 0,
          "max" : 0,
          "mean" : 0.000000,
          "stddev" : 0.000000,
          "N" : 0
        },
        "clat_ns" : {
          "min" : 0,
          "max" : 0,
          "mean" : 0.000000,
          "stddev" : 0.000000,
          "N" : 0
        },
        "lat_ns" : {
          "min" : 0,
          "max" : 0,
          "mean" : 0.000000,
          "stddev" : 0.000000,
          "N" : 0
        },
        "bw_min" : 0,
        "bw_max" : 0,
        "bw_agg" : 0.000000,
        "bw_mean" : 0.000000,
        "bw_dev" : 0.000000,
        "bw_samples" : 0,
        "iops_min" : 0,
        "iops_max" : 0,
        "iops_mean" : 0.000000,
        "iops_stddev" : 0.000000,
        "iops_samples" : 0
      },
      "sync" : {
        "total_ios" : 0,
        "lat_ns" : {
          "min" : 0,
          "max" : 0,
          "mean" : 0.000000,
          "stddev" : 0.000000,
          "N" : 0
        }
      },
      "job_runtime" : 30000,
      "usr_cpu" : 48.530000,
      "sys_cpu" : 5.203333,
      "ctx" : 262789,
      "majf" : 262144,
      "minf" : 262162,
      "iodepth_level" : {
        "1" : 100.000000,
        "2" : 0.000000,
        "4" : 0.000000,
        "8" : 0.000000,
        "16" : 0.000000,
        "32" : 0.000000,
        ">=64" : 0.000000
      },
      "iodepth_submit" : {
        "0" : 0.000000,
        "4" : 100.000000,
        "8" : 0.000000,
        "16" : 0.000000,
        "32" : 0.000000,
        "64" : 0.000000,
        ">=64" : 0.000000
      },
      "iodepth_complete" : {
        "0" : 0.000000,
        "4" : 100.000000,
        "8" : 0.000000,
        "16" : 0.000000,
        "32" : 0.000000,
        "64" : 0.000000,
        ">=64" : 0.000000
      },
      "latency_ns" : {
        "2" : 0.000000,
        "4" : 0.000000,
        "10" : 0.000000,
        "20" : 97.166693,
        "50" : 1.851439,
        "100" : 0.131799,
        "250" : 0.026120,
        "500" : 0.010000,
        "750" : 0.011066,
        "1000" : 0.362652
      },
      "latency_us" : {
        "2" : 0.035767,
        "4" : 0.010000,
        "10" : 0.010000,
        "20" : 0.212912,
        "50" : 0.173456,
        "100" : 0.010000,
        "250" : 0.019719,
        "500" : 0.010000,
        "750" : 0.000000,
        "1000" : 0.000000
      },
      "latency_ms" : {
        "2" : 0.000000,
        "4" : 0.000000,
        "10" : 0.010000,
        "20" : 0.000000,
        "50" : 0.000000,
        "100" : 0.000000,
        "250" : 0.000000,
        "500" : 0.000000,
        "750" : 0.000000,
        "1000" : 0.000000,
        "2000" : 0.000000,
        ">=2000" : 0.000000
      },
      "latency_depth" : 1,
      "latency_target" : 0,
      "latency_percentile" : 100.000000,
      "latency_window" : 0
    }
  ],
  "disk_util" : [
    {
      "name" : "nvmex0n1",
      "read_ios" : 268648,
      "write_ios" : 8192,
      "read_sectors" : 3750944,
      "write_sectors" : 4194304,
      "read_merges" : 0,
      "write_merges" : 258048,
      "read_ticks" : 7382,
      "write_ticks" : 6664561,
      "in_queue" : 6671944,
      "util" : 49.921570
    }
  ]
}
