{
  "fio version" : "fio-3.36",
  "timestamp" : 1765477192,
  "timestamp_ms" : 1765477192290,
  "time" : "Thu Dec 11 18:19:52 2025",
  "jobs" : [
    {
      "jobname" : "byte_raw_4096",
      "groupid" : 0,
      "job_start" : 1765477162073,
      "error" : 0,
      "eta" : 0,
      "elapsed" : 31,
      "job options" : {
        "name" : "byte_raw_4096",
        "filename" : "/dev/nvmex0n1",
        "size" : "1G",
        "bs" : "4096",
        "rw" : "randwrite",
        "ioengine" : "mmap",
        "runtime" : "30",
        "iodepth" : "1",
        "numjobs" : "1"
      },
      "read" : {
        "io_bytes" : 0,
        "io_kbytes" : 0,
        "bw_bytes" : 0,
        "bw" : 0,
        "iops" : 0.000000,
        "runtime" : 0,
        "total_ios" : 0,
        "short_ios" : 0,
        "drop_ios" : 0,
        "slat_ns" : {
          "min" : 0,
          "max" : 0,
          "mean" : 0.000000,
          "stddev" : 0.000000,
          "N" : 0
        },
        "clat_ns" : {
          "min" : 0,
          "max" : 0,
          "mean" : 0.000000,
          "stddev" : 0.000000,
          "N" : 0
        },
        "lat_ns" : {
          "min" : 0,
          "max" : 0,
          "mean" : 0.000000,
          "stddev" : 0.000000,
          "N" : 0
        },
        "bw_min" : 0,
        "bw_max" : 0,
        "bw_agg" : 0.000000,
        "bw_mean" : 0.000000,
        "bw_dev" : 0.000000,
        "bw_samples" : 0,
        "iops_min" : 0,
        "iops_max" : 0,
        "iops_mean" : 0.000000,
        "iops_stddev" : 0.000000,
        "iops_samples" : 0
      },
      "write" : {
        "io_bytes" : 16106131456,
        "io_kbytes" : 15728644,
        "bw_bytes" : 533492264,
        "bw" : 520988,
        "iops" : 130247.134813,
        "runtime" : 30190,
        "total_ios" : 3932161,
        "short_ios" : 0,
        "drop_ios" : 0,
        "slat_ns" : {
          "min" : 0,
          "max" : 0,
          "mean" : 0.000000,
          "stddev" : 0.000000,
          "N" : 0
        },
        "clat_ns" : {
          "min" : 771,
          "max" : 5397300,
          "mean" : 2588.143202,
          "stddev" : 7842.875903,
          "N" : 3932161,
          "percentile" : {
            "1.000000" : 836,
            "5.000000" : 892,
            "10.000000" : 908,
            "20.000000" : 940,
            "30.000000" : 972,
            "40.000000" : 1012,
            "50.000000" : 1048,
            "60.000000" : 1080,
            "70.000000" : 1128,
            "80.000000" : 1208,
            "90.000000" : 1608,
            "95.000000" : 19072,
            "99.000000" : 26240,
            "99.500000" : 26752,
            "99.900000" : 34560,
            "99.950000" : 93696,
            "99.990000" : 216064
          }
        },
        "lat_ns" : {
          "min" : 788,
          "max" : 5397322,
          "mean" : 2613.918511,
          "stddev" : 7844.607156,
          "N" : 3932161
        },
        "bw_min" : 1496,
        "bw_max" : 2097152,
        "bw_agg" : 100.000000,
        "bw_mean" : 806596.717949,
        "bw_dev" : 744531.512400,
        "bw_samples" : 39,
        "iops_min" : 374,
        "iops_max" : 524288,
        "iops_mean" : 201649.179487,
        "iops_stddev" : 186132.966437,
        "iops_samples" : 39
      },
      "trim" : {
        "io_bytes" : 0,
        "io_kbytes" : 0,
        "bw_bytes" : 0,
        "bw" : 0,
        "iops" : 0.000000,
        "runtime" : 0,
        "total_ios" : 0,
        "short_ios" : 0,
        "drop_ios" : 0,
        "slat_ns" : {
          "min" : 0,
          "max" : 0,
          "mean" : 0.000000,
          "stddev" : 0.000000,
          "N" : 0
        },
        "clat_ns" : {
          "min" : 0,
          "max" : 0,
          "mean" : 0.000000,
          "stddev" : 0.000000,
          "N" : 0
        },
        "lat_ns" : {
          "min" : 0,
          "max" : 0,
          "mean" : 0.000000,
          "stddev" : 0.000000,
          "N" : 0
        },
        "bw_min" : 0,
        "bw_max" : 0,
        "bw_agg" : 0.000000,
        "bw_mean" : 0.000000,
        "bw_dev" : 0.000000,
        "bw_samples" : 0,
        "iops_min" : 0,
        "iops_max" : 0,
        "iops_mean" : 0.000000,
        "iops_stddev" : 0.000000,
        "iops_samples" : 0
      },
      "sync" : {
        "total_ios" : 0,
        "lat_ns" : {
          "min" : 0,
          "max" : 0,
          "mean" : 0.000000,
          "stddev" : 0.000000,
          "N" : 0
        }
      },
      "job_runtime" : 30189,
      "usr_cpu" : 9.483587,
      "sys_cpu" : 27.516645,
      "ctx" : 268432,
      "majf" : 262144,
      "minf" : 3932175,
      "iodepth_level" : {
        "1" : 100.000000,
        "2" : 0.000000,
        "4" : 0.000000,
        "8" : 0.000000,
        "16" : 0.000000,
        "32" : 0.000000,
        ">=64" : 0.000000
      },
      "iodepth_submit" : {
        "0" : 0.000000,
        "4" : 100.000000,
        "8" : 0.000000,
        "16" : 0.000000,
        "32" : 0.000000,
        "64" : 0.000000,
        ">=64" : 0.000000
      },
      "iodepth_complete" : {
        "0" : 0.000000,
        "4" : 100.000000,
        "8" : 0.000000,
        "16" : 0.000000,
        "32" : 0.000000,
        "64" : 0.000000,
        ">=64" : 0.000000
      },
      "latency_ns" : {
        "2" : 0.000000,
        "4" : 0.000000,
        "10" : 0.000000,
        "20" : 0.000000,
        "50" : 0.000000,
        "100" : 0.000000,
        "250" : 0.000000,
        "500" : 0.000000,
        "750" : 0.000000,
        "1000" : 37.679078
      },
      "latency_us" : {
        "2" : 55.383795,
        "4" : 0.165710,
        "10" : 0.092926,
        "20" : 1.901702,
        "50" : 4.686024,
        "100" : 0.042852,
        "250" : 0.044098,
        "500" : 0.010000,
        "750" : 0.010000,
        "1000" : 0.000000
      },
      "latency_ms" : {
        "2" : 0.010000,
        "4" : 0.000000,
        "10" : 0.010000,
        "20" : 0.000000,
        "50" : 0.000000,
        "100" : 0.000000,
        "250" : 0.000000,
        "500" : 0.000000,
        "750" : 0.000000,
        "1000" : 0.000000,
        "2000" : 0.000000,
        ">=2000" : 0.000000
      },
      "latency_depth" : 1,
      "latency_target" : 0,
      "latency_percentile" : 100.000000,
      "latency_window" : 0
    }
  ],
  "disk_util" : [
    {
      "name" : "nvmex0n1",
      "read_ios" : 269000,
      "write_ios" : 65513,
      "read_sectors" : 3824882,
      "write_sectors" : 33542656,
      "read_merges" : 0,
      "write_merges" : 3870720,
      "read_ticks" : 6825,
      "write_ticks" : 10023354,
      "in_queue" : 10030179,
      "util" : 72.076009
    }
  ]
}
