{
  "fio version" : "fio-3.36",
  "timestamp" : 1765477062,
  "timestamp_ms" : 1765477062973,
  "time" : "Thu Dec 11 18:17:42 2025",
  "jobs" : [
    {
      "jobname" : "byte_raw_512",
      "groupid" : 0,
      "job_start" : 1765477032927,
      "error" : 0,
      "eta" : 0,
      "elapsed" : 31,
      "job options" : {
        "name" : "byte_raw_512",
        "filename" : "/dev/nvmex0n1",
        "size" : "1G",
        "bs" : "512",
        "rw" : "randwrite",
        "ioengine" : "mmap",
        "runtime" : "30",
        "iodepth" : "1",
        "numjobs" : "1"
      },
      "read" : {
        "io_bytes" : 0,
        "io_kbytes" : 0,
        "bw_bytes" : 0,
        "bw" : 0,
        "iops" : 0.000000,
        "runtime" : 0,
        "total_ios" : 0,
        "short_ios" : 0,
        "drop_ios" : 0,
        "slat_ns" : {
          "min" : 0,
          "max" : 0,
          "mean" : 0.000000,
          "stddev" : 0.000000,
          "N" : 0
        },
        "clat_ns" : {
          "min" : 0,
          "max" : 0,
          "mean" : 0.000000,
          "stddev" : 0.000000,
          "N" : 0
        },
        "lat_ns" : {
          "min" : 0,
          "max" : 0,
          "mean" : 0.000000,
          "stddev" : 0.000000,
          "N" : 0
        },
        "bw_min" : 0,
        "bw_max" : 0,
        "bw_agg" : 0.000000,
        "bw_mean" : 0.000000,
        "bw_dev" : 0.000000,
        "bw_samples" : 0,
        "iops_min" : 0,
        "iops_max" : 0,
        "iops_mean" : 0.000000,
        "iops_stddev" : 0.000000,
        "iops_samples" : 0
      },
      "write" : {
        "io_bytes" : 9812269056,
        "io_kbytes" : 9582294,
        "bw_bytes" : 327064733,
        "bw" : 319399,
        "iops" : 638798.306723,
        "runtime" : 30001,
        "total_ios" : 19164588,
        "short_ios" : 0,
        "drop_ios" : 0,
        "slat_ns" : {
          "min" : 0,
          "max" : 0,
          "mean" : 0.000000,
          "stddev" : 0.000000,
          "N" : 0
        },
        "clat_ns" : {
          "min" : 11,
          "max" : 6951828,
          "mean" : 516.123385,
          "stddev" : 4841.439006,
          "N" : 19164588,
          "percentile" : {
            "1.000000" : 13,
            "5.000000" : 14,
            "10.000000" : 14,
            "20.000000" : 17,
            "30.000000" : 18,
            "40.000000" : 18,
            "50.000000" : 19,
            "60.000000" : 19,
            "70.000000" : 20,
            "80.000000" : 27,
            "90.000000" : 1064,
            "95.000000" : 1240,
            "99.000000" : 19840,
            "99.500000" : 21632,
            "99.900000" : 26496,
            "99.950000" : 29312,
            "99.990000" : 197632
          }
        },
        "lat_ns" : {
          "min" : 23,
          "max" : 6951900,
          "mean" : 544.891437,
          "stddev" : 4842.390687,
          "N" : 19164588
        },
        "bw_min" : 3919,
        "bw_max" : 1544359,
        "bw_agg" : 100.000000,
        "bw_mean" : 471859.100000,
        "bw_dev" : 478470.566416,
        "bw_samples" : 40,
        "iops_min" : 7838,
        "iops_max" : 3088720,
        "iops_mean" : 943718.400000,
        "iops_stddev" : 956940.901510,
        "iops_samples" : 40
      },
      "trim" : {
        "io_bytes" : 0,
        "io_kbytes" : 0,
        "bw_bytes" : 0,
        "bw" : 0,
        "iops" : 0.000000,
        "runtime" : 0,
        "total_ios" : 0,
        "short_ios" : 0,
        "drop_ios" : 0,
        "slat_ns" : {
          "min" : 0,
          "max" : 0,
          "mean" : 0.000000,
          "stddev" : 0.000000,
          "N" : 0
        },
        "clat_ns" : {
          "min" : 0,
          "max" : 0,
          "mean" : 0.000000,
          "stddev" : 0.000000,
          "N" : 0
        },
        "lat_ns" : {
          "min" : 0,
          "max" : 0,
          "mean" : 0.000000,
          "stddev" : 0.000000,
          "N" : 0
        },
        "bw_min" : 0,
        "bw_max" : 0,
        "bw_agg" : 0.000000,
        "bw_mean" : 0.000000,
        "bw_dev" : 0.000000,
        "bw_samples" : 0,
        "iops_min" : 0,
        "iops_max" : 0,
        "iops_mean" : 0.000000,
        "iops_stddev" : 0.000000,
        "iops_samples" : 0
      },
      "sync" : {
        "total_ios" : 0,
        "lat_ns" : {
          "min" : 0,
          "max" : 0,
          "mean" : 0.000000,
          "stddev" : 0.000000,
          "N" : 0
        }
      },
      "job_runtime" : 30000,
      "usr_cpu" : 17.426667,
      "sys_cpu" : 23.040000,
      "ctx" : 279007,
      "majf" : 262144,
      "minf" : 2409426,
      "iodepth_level" : {
        "1" : 100.000000,
        "2" : 0.000000,
        "4" : 0.000000,
        "8" : 0.000000,
        "16" : 0.000000,
        "32" : 0.000000,
        ">=64" : 0.000000
      },
      "iodepth_submit" : {
        "0" : 0.000000,
        "4" : 100.000000,
        "8" : 0.000000,
        "16" : 0.000000,
        "32" : 0.000000,
        "64" : 0.000000,
        ">=64" : 0.000000
      },
      "iodepth_complete" : {
        "0" : 0.000000,
        "4" : 100.000000,
        "8" : 0.000000,
        "16" : 0.000000,
        "32" : 0.000000,
        "64" : 0.000000,
        ">=64" : 0.000000
      },
      "latency_ns" : {
        "2" : 0.000000,
        "4" : 0.000000,
        "10" : 0.000000,
        "20" : 64.356129,
        "50" : 17.234036,
        "100" : 4.177820,
        "250" : 0.960297,
        "500" : 0.033275,
        "750" : 0.010000,
        "1000" : 1.681555
      },
      "latency_us" : {
        "2" : 10.072484,
        "4" : 0.092681,
        "10" : 0.020167,
        "20" : 0.388399,
        "50" : 0.938611,
        "100" : 0.010000,
        "250" : 0.032315,
        "500" : 0.010000,
        "750" : 0.000000,
        "1000" : 0.000000
      },
      "latency_ms" : {
        "2" : 0.010000,
        "4" : 0.010000,
        "10" : 0.010000,
        "20" : 0.000000,
        "50" : 0.000000,
        "100" : 0.000000,
        "250" : 0.000000,
        "500" : 0.000000,
        "750" : 0.000000,
        "1000" : 0.000000,
        "2000" : 0.000000,
        ">=2000" : 0.000000
      },
      "latency_depth" : 1,
      "latency_target" : 0,
      "latency_percentile" : 100.000000,
      "latency_window" : 0
    }
  ],
  "disk_util" : [
    {
      "name" : "nvmex0n1",
      "read_ios" : 268060,
      "write_ios" : 40960,
      "read_sectors" : 3598136,
      "write_sectors" : 20971520,
      "read_merges" : 0,
      "write_merges" : 2322432,
      "read_ticks" : 9428,
      "write_ticks" : 9165281,
      "in_queue" : 9174708,
      "util" : 67.266415
    }
  ]
}
