{
  "fio version" : "fio-3.36",
  "timestamp" : 1765476939,
  "timestamp_ms" : 1765476939446,
  "time" : "Thu Dec 11 18:15:39 2025",
  "jobs" : [
    {
      "jobname" : "byte_raw_64",
      "groupid" : 0,
      "job_start" : 1765476906543,
      "error" : 0,
      "eta" : 0,
      "elapsed" : 34,
      "job options" : {
        "name" : "byte_raw_64",
        "filename" : "/dev/nvmex0n1",
        "size" : "1G",
        "bs" : "64",
        "rw" : "randwrite",
        "ioengine" : "mmap",
        "runtime" : "30",
        "iodepth" : "1",
        "numjobs" : "1"
      },
      "read" : {
        "io_bytes" : 0,
        "io_kbytes" : 0,
        "bw_bytes" : 0,
        "bw" : 0,
        "iops" : 0.000000,
        "runtime" : 0,
        "total_ios" : 0,
        "short_ios" : 0,
        "drop_ios" : 0,
        "slat_ns" : {
          "min" : 0,
          "max" : 0,
          "mean" : 0.000000,
          "stddev" : 0.000000,
          "N" : 0
        },
        "clat_ns" : {
          "min" : 0,
          "max" : 0,
          "mean" : 0.000000,
          "stddev" : 0.000000,
          "N" : 0
        },
        "lat_ns" : {
          "min" : 0,
          "max" : 0,
          "mean" : 0.000000,
          "stddev" : 0.000000,
          "N" : 0
        },
        "bw_min" : 0,
        "bw_max" : 0,
        "bw_agg" : 0.000000,
        "bw_mean" : 0.000000,
        "bw_dev" : 0.000000,
        "bw_samples" : 0,
        "iops_min" : 0,
        "iops_max" : 0,
        "iops_mean" : 0.000000,
        "iops_stddev" : 0.000000,
        "iops_samples" : 0
      },
      "write" : {
        "io_bytes" : 3221225536,
        "io_kbytes" : 3145728,
        "bw_bytes" : 97981066,
        "bw" : 95684,
        "iops" : 1530954.161090,
        "runtime" : 32876,
        "total_ios" : 50331649,
        "short_ios" : 0,
        "drop_ios" : 0,
        "slat_ns" : {
          "min" : 0,
          "max" : 0,
          "mean" : 0.000000,
          "stddev" : 0.000000,
          "N" : 0
        },
        "clat_ns" : {
          "min" : 10,
          "max" : 6736928,
          "mean" : 122.395724,
          "stddev" : 1789.990346,
          "N" : 50331649,
          "percentile" : {
            "1.000000" : 12,
            "5.000000" : 12,
            "10.000000" : 12,
            "20.000000" : 12,
            "30.000000" : 13,
            "40.000000" : 13,
            "50.000000" : 16,
            "60.000000" : 17,
            "70.000000" : 17,
            "80.000000" : 18,
            "90.000000" : 19,
            "95.000000" : 19,
            "99.000000" : 948,
            "99.500000" : 15040,
            "99.900000" : 19072,
            "99.950000" : 19840,
            "99.990000" : 22400
          }
        },
        "lat_ns" : {
          "min" : 20,
          "max" : 6897053,
          "mean" : 153.305309,
          "stddev" : 2037.969851,
          "N" : 50331649
        },
        "bw_min" : 575,
        "bw_max" : 360621,
        "bw_agg" : 100.000000,
        "bw_mean" : 179755.400000,
        "bw_dev" : 134670.920961,
        "bw_samples" : 35,
        "iops_min" : 9212,
        "iops_max" : 5769940,
        "iops_mean" : 2876093.942857,
        "iops_stddev" : 2154735.283026,
        "iops_samples" : 35
      },
      "trim" : {
        "io_bytes" : 0,
        "io_kbytes" : 0,
        "bw_bytes" : 0,
        "bw" : 0,
        "iops" : 0.000000,
        "runtime" : 0,
        "total_ios" : 0,
        "short_ios" : 0,
        "drop_ios" : 0,
        "slat_ns" : {
          "min" : 0,
          "max" : 0,
          "mean" : 0.000000,
          "stddev" : 0.000000,
          "N" : 0
        },
        "clat_ns" : {
          "min" : 0,
          "max" : 0,
          "mean" : 0.000000,
          "stddev" : 0.000000,
          "N" : 0
        },
        "lat_ns" : {
          "min" : 0,
          "max" : 0,
          "mean" : 0.000000,
          "stddev" : 0.000000,
          "N" : 0
        },
        "bw_min" : 0,
        "bw_max" : 0,
        "bw_agg" : 0.000000,
        "bw_mean" : 0.000000,
        "bw_dev" : 0.000000,
        "bw_samples" : 0,
        "iops_min" : 0,
        "iops_max" : 0,
        "iops_mean" : 0.000000,
        "iops_stddev" : 0.000000,
        "iops_samples" : 0
      },
      "sync" : {
        "total_ios" : 0,
        "lat_ns" : {
          "min" : 0,
          "max" : 0,
          "mean" : 0.000000,
          "stddev" : 0.000000,
          "N" : 0
        }
      },
      "job_runtime" : 32875,
      "usr_cpu" : 32.450190,
      "sys_cpu" : 7.464639,
      "ctx" : 271300,
      "majf" : 262144,
      "minf" : 524305,
      "iodepth_level" : {
        "1" : 100.000000,
        "2" : 0.000000,
        "4" : 0.000000,
        "8" : 0.000000,
        "16" : 0.000000,
        "32" : 0.000000,
        ">=64" : 0.000000
      },
      "iodepth_submit" : {
        "0" : 0.000000,
        "4" : 100.000000,
        "8" : 0.000000,
        "16" : 0.000000,
        "32" : 0.000000,
        "64" : 0.000000,
        ">=64" : 0.000000
      },
      "iodepth_complete" : {
        "0" : 0.000000,
        "4" : 100.000000,
        "8" : 0.000000,
        "16" : 0.000000,
        "32" : 0.000000,
        "64" : 0.000000,
        ">=64" : 0.000000
      },
      "latency_ns" : {
        "2" : 0.000000,
        "4" : 0.000000,
        "10" : 0.000000,
        "20" : 96.391471,
        "50" : 1.781648,
        "100" : 0.235792,
        "250" : 0.023210,
        "500" : 0.010000,
        "750" : 0.010000,
        "1000" : 0.784787
      },
      "latency_us" : {
        "2" : 0.256159,
        "4" : 0.010000,
        "10" : 0.010000,
        "20" : 0.476404,
        "50" : 0.039736,
        "100" : 0.010000,
        "250" : 0.010000,
        "500" : 0.010000,
        "750" : 0.000000,
        "1000" : 0.000000
      },
      "latency_ms" : {
        "2" : 0.000000,
        "4" : 0.000000,
        "10" : 0.010000,
        "20" : 0.000000,
        "50" : 0.000000,
        "100" : 0.000000,
        "250" : 0.000000,
        "500" : 0.000000,
        "750" : 0.000000,
        "1000" : 0.000000,
        "2000" : 0.000000,
        ">=2000" : 0.000000
      },
      "latency_depth" : 1,
      "latency_target" : 0,
      "latency_percentile" : 100.000000,
      "latency_window" : 0
    }
  ],
  "disk_util" : [
    {
      "name" : "nvmex0n1",
      "read_ios" : 268123,
      "write_ios" : 16112,
      "read_sectors" : 3617232,
      "write_sectors" : 8249344,
      "read_merges" : 0,
      "write_merges" : 774144,
      "read_ticks" : 19771,
      "write_ticks" : 9429259,
      "in_queue" : 9449030,
      "util" : 70.058086
    }
  ]
}
