{
  "fio version" : "fio-3.36",
  "timestamp" : 1765476838,
  "timestamp_ms" : 1765476838492,
  "time" : "Thu Dec 11 18:13:58 2025",
  "jobs" : [
    {
      "jobname" : "byte_raw_8",
      "groupid" : 0,
      "job_start" : 1765476808442,
      "error" : 0,
      "eta" : 0,
      "elapsed" : 31,
      "job options" : {
        "name" : "byte_raw_8",
        "filename" : "/dev/nvmex0n1",
        "size" : "1G",
        "bs" : "8",
        "rw" : "randwrite",
        "ioengine" : "mmap",
        "runtime" : "30",
        "iodepth" : "1",
        "numjobs" : "1"
      },
      "read" : {
        "io_bytes" : 0,
        "io_kbytes" : 0,
        "bw_bytes" : 0,
        "bw" : 0,
        "iops" : 0.000000,
        "runtime" : 0,
        "total_ios" : 0,
        "short_ios" : 0,
        "drop_ios" : 0,
        "slat_ns" : {
          "min" : 0,
          "max" : 0,
          "mean" : 0.000000,
          "stddev" : 0.000000,
          "N" : 0
        },
        "clat_ns" : {
          "min" : 0,
          "max" : 0,
          "mean" : 0.000000,
          "stddev" : 0.000000,
          "N" : 0
        },
        "lat_ns" : {
          "min" : 0,
          "max" : 0,
          "mean" : 0.000000,
          "stddev" : 0.000000,
          "N" : 0
        },
        "bw_min" : 0,
        "bw_max" : 0,
        "bw_agg" : 0.000000,
        "bw_mean" : 0.000000,
        "bw_dev" : 0.000000,
        "bw_samples" : 0,
        "iops_min" : 0,
        "iops_max" : 0,
        "iops_mean" : 0.000000,
        "iops_stddev" : 0.000000,
        "iops_samples" : 0
      },
      "write" : {
        "io_bytes" : 448991696,
        "io_kbytes" : 438468,
        "bw_bytes" : 14965891,
        "bw" : 14615,
        "iops" : 1870736.375454,
        "runtime" : 30001,
        "total_ios" : 56123962,
        "short_ios" : 0,
        "drop_ios" : 0,
        "slat_ns" : {
          "min" : 0,
          "max" : 0,
          "mean" : 0.000000,
          "stddev" : 0.000000,
          "N" : 0
        },
        "clat_ns" : {
          "min" : 11,
          "max" : 7519934,
          "mean" : 139.837814,
          "stddev" : 3048.222291,
          "N" : 56123962,
          "percentile" : {
            "1.000000" : 12,
            "5.000000" : 12,
            "10.000000" : 12,
            "20.000000" : 12,
            "30.000000" : 13,
            "40.000000" : 13,
            "50.000000" : 13,
            "60.000000" : 13,
            "70.000000" : 13,
            "80.000000" : 17,
            "90.000000" : 18,
            "95.000000" : 19,
            "99.000000" : 91,
            "99.500000" : 3504,
            "99.900000" : 24960,
            "99.950000" : 26240,
            "99.990000" : 162816
          }
        },
        "lat_ns" : {
          "min" : 21,
          "max" : 7519993,
          "mean" : 218.996744,
          "stddev" : 3050.760580,
          "N" : 56123962
        },
        "bw_min" : 5,
        "bw_max" : 31586,
        "bw_agg" : 100.000000,
        "bw_mean" : 18847.688889,
        "bw_dev" : 12973.821135,
        "bw_samples" : 45,
        "iops_min" : 756,
        "iops_max" : 4043074,
        "iops_mean" : 2412580.977778,
        "iops_stddev" : 1660649.745168,
        "iops_samples" : 45
      },
      "trim" : {
        "io_bytes" : 0,
        "io_kbytes" : 0,
        "bw_bytes" : 0,
        "bw" : 0,
        "iops" : 0.000000,
        "runtime" : 0,
        "total_ios" : 0,
        "short_ios" : 0,
        "drop_ios" : 0,
        "slat_ns" : {
          "min" : 0,
          "max" : 0,
          "mean" : 0.000000,
          "stddev" : 0.000000,
          "N" : 0
        },
        "clat_ns" : {
          "min" : 0,
          "max" : 0,
          "mean" : 0.000000,
          "stddev" : 0.000000,
          "N" : 0
        },
        "lat_ns" : {
          "min" : 0,
          "max" : 0,
          "mean" : 0.000000,
          "stddev" : 0.000000,
          "N" : 0
        },
        "bw_min" : 0,
        "bw_max" : 0,
        "bw_agg" : 0.000000,
        "bw_mean" : 0.000000,
        "bw_dev" : 0.000000,
        "bw_samples" : 0,
        "iops_min" : 0,
        "iops_max" : 0,
        "iops_mean" : 0.000000,
        "iops_stddev" : 0.000000,
        "iops_samples" : 0
      },
      "sync" : {
        "total_ios" : 0,
        "lat_ns" : {
          "min" : 0,
          "max" : 0,
          "mean" : 0.000000,
          "stddev" : 0.000000,
          "N" : 0
        }
      },
      "job_runtime" : 30000,
      "usr_cpu" : 52.483333,
      "sys_cpu" : 5.783333,
      "ctx" : 262552,
      "majf" : 262144,
      "minf" : 262135,
      "iodepth_level" : {
        "1" : 100.000000,
        "2" : 0.000000,
        "4" : 0.000000,
        "8" : 0.000000,
        "16" : 0.000000,
        "32" : 0.000000,
        ">=64" : 0.000000
      },
      "iodepth_submit" : {
        "0" : 0.000000,
        "4" : 100.000000,
        "8" : 0.000000,
        "16" : 0.000000,
        "32" : 0.000000,
        "64" : 0.000000,
        ">=64" : 0.000000
      },
      "iodepth_complete" : {
        "0" : 0.000000,
        "4" : 100.000000,
        "8" : 0.000000,
        "16" : 0.000000,
        "32" : 0.000000,
        "64" : 0.000000,
        ">=64" : 0.000000
      },
      "latency_ns" : {
        "2" : 0.000000,
        "4" : 0.000000,
        "10" : 0.000000,
        "20" : 97.301841,
        "50" : 1.671407,
        "100" : 0.032243,
        "250" : 0.018261,
        "500" : 0.010000,
        "750" : 0.010000,
        "1000" : 0.050445
      },
      "latency_us" : {
        "2" : 0.250576,
        "4" : 0.190265,
        "10" : 0.014577,
        "20" : 0.284789,
        "50" : 0.162875,
        "100" : 0.010000,
        "250" : 0.015384,
        "500" : 0.010000,
        "750" : 0.000000,
        "1000" : 0.000000
      },
      "latency_ms" : {
        "2" : 0.010000,
        "4" : 0.010000,
        "10" : 0.010000,
        "20" : 0.000000,
        "50" : 0.000000,
        "100" : 0.000000,
        "250" : 0.000000,
        "500" : 0.000000,
        "750" : 0.000000,
        "1000" : 0.000000,
        "2000" : 0.000000,
        ">=2000" : 0.000000
      },
      "latency_depth" : 1,
      "latency_target" : 0,
      "latency_percentile" : 100.000000,
      "latency_window" : 0
    }
  ],
  "disk_util" : [
    {
      "name" : "nvmex0n1",
      "read_ios" : 268628,
      "write_ios" : 10340,
      "read_sectors" : 3746856,
      "write_sectors" : 4170008,
      "read_merges" : 0,
      "write_merges" : 252863,
      "read_ticks" : 5617,
      "write_ticks" : 6645994,
      "in_queue" : 6651611,
      "util" : 45.395681
    }
  ]
}
