{
  "fio version" : "fio-3.36-53-g625b15",
  "timestamp" : 1757375154,
  "timestamp_ms" : 1757375154598,
  "time" : "Tue Sep  9 07:45:54 2025",
  "jobs" : [
    {
      "jobname" : "quick_bs_1m_read",
      "groupid" : 0,
      "job_start" : 1757375149579,
      "error" : 0,
      "eta" : 0,
      "elapsed" : 6,
      "job options" : {
        "name" : "quick_bs_1m_read",
        "filename" : "/dev/nvme1n2",
        "direct" : "1",
        "rw" : "read",
        "bs" : "1m",
        "iodepth" : "1",
        "numjobs" : "1",
        "runtime" : "5",
        "lat_percentiles" : "1",
        "percentile_list" : "90:95:99:99.9:99.99"
      },
      "read" : {
        "io_bytes" : 11204034560,
        "io_kbytes" : 10941440,
        "bw_bytes" : 2240358840,
        "bw" : 2187850,
        "iops" : 2136.572685,
        "runtime" : 5001,
        "total_ios" : 10685,
        "short_ios" : 0,
        "drop_ios" : 0,
        "slat_ns" : {
          "min" : 0,
          "max" : 0,
          "mean" : 0.000000,
          "stddev" : 0.000000,
          "N" : 0
        },
        "clat_ns" : {
          "min" : 416140,
          "max" : 933313,
          "mean" : 467287.433224,
          "stddev" : 34307.986826,
          "N" : 10685,
          "percentile" : {
            "90.000000" : 509952,
            "95.000000" : 536576,
            "99.000000" : 593920,
            "99.900000" : 659456,
            "99.990000" : 921600
          }
        },
        "lat_ns" : {
          "min" : 416212,
          "max" : 933386,
          "mean" : 467354.775854,
          "stddev" : 34309.871217,
          "N" : 10685,
          "percentile" : {
            "90.000000" : 509952,
            "95.000000" : 536576,
            "99.000000" : 593920,
            "99.900000" : 659456,
            "99.990000" : 921600
          }
        },
        "bw_min" : 2123776,
        "bw_max" : 2242560,
        "bw_agg" : 99.775559,
        "bw_mean" : 2182940.444444,
        "bw_dev" : 53791.144418,
        "bw_samples" : 9,
        "iops_min" : 2074,
        "iops_max" : 2190,
        "iops_mean" : 2131.777778,
        "iops_stddev" : 52.530414,
        "iops_samples" : 9
      },
      "write" : {
        "io_bytes" : 0,
        "io_kbytes" : 0,
        "bw_bytes" : 0,
        "bw" : 0,
        "iops" : 0.000000,
        "runtime" : 0,
        "total_ios" : 0,
        "short_ios" : 0,
        "drop_ios" : 0,
        "slat_ns" : {
          "min" : 0,
          "max" : 0,
          "mean" : 0.000000,
          "stddev" : 0.000000,
          "N" : 0
        },
        "clat_ns" : {
          "min" : 0,
          "max" : 0,
          "mean" : 0.000000,
          "stddev" : 0.000000,
          "N" : 0
        },
        "lat_ns" : {
          "min" : 0,
          "max" : 0,
          "mean" : 0.000000,
          "stddev" : 0.000000,
          "N" : 0
        },
        "bw_min" : 0,
        "bw_max" : 0,
        "bw_agg" : 0.000000,
        "bw_mean" : 0.000000,
        "bw_dev" : 0.000000,
        "bw_samples" : 0,
        "iops_min" : 0,
        "iops_max" : 0,
        "iops_mean" : 0.000000,
        "iops_stddev" : 0.000000,
        "iops_samples" : 0
      },
      "trim" : {
        "io_bytes" : 0,
        "io_kbytes" : 0,
        "bw_bytes" : 0,
        "bw" : 0,
        "iops" : 0.000000,
        "runtime" : 0,
        "total_ios" : 0,
        "short_ios" : 0,
        "drop_ios" : 0,
        "slat_ns" : {
          "min" : 0,
          "max" : 0,
          "mean" : 0.000000,
          "stddev" : 0.000000,
          "N" : 0
        },
        "clat_ns" : {
          "min" : 0,
          "max" : 0,
          "mean" : 0.000000,
          "stddev" : 0.000000,
          "N" : 0
        },
        "lat_ns" : {
          "min" : 0,
          "max" : 0,
          "mean" : 0.000000,
          "stddev" : 0.000000,
          "N" : 0
        },
        "bw_min" : 0,
        "bw_max" : 0,
        "bw_agg" : 0.000000,
        "bw_mean" : 0.000000,
        "bw_dev" : 0.000000,
        "bw_samples" : 0,
        "iops_min" : 0,
        "iops_max" : 0,
        "iops_mean" : 0.000000,
        "iops_stddev" : 0.000000,
        "iops_samples" : 0
      },
      "sync" : {
        "total_ios" : 0,
        "lat_ns" : {
          "min" : 0,
          "max" : 0,
          "mean" : 0.000000,
          "stddev" : 0.000000,
          "N" : 0
        }
      },
      "job_runtime" : 5000,
      "usr_cpu" : 0.180000,
      "sys_cpu" : 15.820000,
      "ctx" : 10688,
      "majf" : 0,
      "minf" : 267,
      "iodepth_level" : {
        "1" : 100.000000,
        "2" : 0.000000,
        "4" : 0.000000,
        "8" : 0.000000,
        "16" : 0.000000,
        "32" : 0.000000,
        ">=64" : 0.000000
      },
      "iodepth_submit" : {
        "0" : 0.000000,
        "4" : 100.000000,
        "8" : 0.000000,
        "16" : 0.000000,
        "32" : 0.000000,
        "64" : 0.000000,
        ">=64" : 0.000000
      },
      "iodepth_complete" : {
        "0" : 0.000000,
        "4" : 100.000000,
        "8" : 0.000000,
        "16" : 0.000000,
        "32" : 0.000000,
        "64" : 0.000000,
        ">=64" : 0.000000
      },
      "latency_ns" : {
        "2" : 0.000000,
        "4" : 0.000000,
        "10" : 0.000000,
        "20" : 0.000000,
        "50" : 0.000000,
        "100" : 0.000000,
        "250" : 0.000000,
        "500" : 0.000000,
        "750" : 0.000000,
        "1000" : 0.000000
      },
      "latency_us" : {
        "2" : 0.000000,
        "4" : 0.000000,
        "10" : 0.000000,
        "20" : 0.000000,
        "50" : 0.000000,
        "100" : 0.000000,
        "250" : 0.000000,
        "500" : 87.674310,
        "750" : 12.306972,
        "1000" : 0.018718
      },
      "latency_ms" : {
        "2" : 0.000000,
        "4" : 0.000000,
        "10" : 0.000000,
        "20" : 0.000000,
        "50" : 0.000000,
        "100" : 0.000000,
        "250" : 0.000000,
        "500" : 0.000000,
        "750" : 0.000000,
        "1000" : 0.000000,
        "2000" : 0.000000,
        ">=2000" : 0.000000
      },
      "latency_depth" : 1,
      "latency_target" : 0,
      "latency_percentile" : 100.000000,
      "latency_window" : 0
    }
  ],
  "disk_util" : [
    {
      "name" : "nvme1n2",
      "read_ios" : 86242,
      "write_ios" : 0,
      "read_sectors" : 22077408,
      "write_sectors" : 0,
      "read_merges" : 0,
      "write_merges" : 0,
      "read_ticks" : 26945,
      "write_ticks" : 0,
      "in_queue" : 26945,
      "util" : 91.192954
    }
  ]
}
