{
  "fio version" : "fio-3.16",
  "timestamp" : 1757591731,
  "timestamp_ms" : 1757591731122,
  "time" : "Thu Sep 11 11:55:31 2025",
  "jobs" : [
    {
      "jobname" : "quick_bs_4k_write",
      "groupid" : 0,
      "error" : 0,
      "eta" : 0,
      "elapsed" : 6,
      "job options" : {
        "name" : "quick_bs_4k_write",
        "filename" : "/dev/nvme0n1p2",
        "direct" : "1",
        "rw" : "write",
        "bs" : "4k",
        "iodepth" : "1",
        "numjobs" : "1",
        "runtime" : "5",
        "lat_percentiles" : "1",
        "percentile_list" : "90:95:99:99.9:99.99"
      },
      "read" : {
        "io_bytes" : 0,
        "io_kbytes" : 0,
        "bw_bytes" : 0,
        "bw" : 0,
        "iops" : 0.000000,
        "runtime" : 0,
        "total_ios" : 0,
        "short_ios" : 0,
        "drop_ios" : 0,
        "slat_ns" : {
          "min" : 0,
          "max" : 0,
          "mean" : 0.000000,
          "stddev" : 0.000000
        },
        "clat_ns" : {
          "min" : 0,
          "max" : 0,
          "mean" : 0.000000,
          "stddev" : 0.000000
        },
        "lat_ns" : {
          "min" : 0,
          "max" : 0,
          "mean" : 0.000000,
          "stddev" : 0.000000,
          "percentile" : {
            "90.000000" : 0,
            "95.000000" : 0,
            "99.000000" : 0,
            "99.900000" : 0,
            "99.990000" : 0
          }
        },
        "bw_min" : 0,
        "bw_max" : 0,
        "bw_agg" : 0.000000,
        "bw_mean" : 0.000000,
        "bw_dev" : 0.000000,
        "bw_samples" : 0,
        "iops_min" : 0,
        "iops_max" : 0,
        "iops_mean" : 0.000000,
        "iops_stddev" : 0.000000,
        "iops_samples" : 0
      },
      "write" : {
        "io_bytes" : 1760178176,
        "io_kbytes" : 1718924,
        "bw_bytes" : 351965242,
        "bw" : 343716,
        "iops" : 85929.014197,
        "runtime" : 5001,
        "total_ios" : 429731,
        "short_ios" : 0,
        "drop_ios" : 0,
        "slat_ns" : {
          "min" : 0,
          "max" : 0,
          "mean" : 0.000000,
          "stddev" : 0.000000
        },
        "clat_ns" : {
          "min" : 7961,
          "max" : 126833,
          "mean" : 11325.556262,
          "stddev" : 2818.828365
        },
        "lat_ns" : {
          "min" : 7987,
          "max" : 126872,
          "mean" : 11371.208198,
          "stddev" : 2826.488678,
          "percentile" : {
            "90.000000" : 14784,
            "95.000000" : 17536,
            "99.000000" : 19584,
            "99.900000" : 36096,
            "99.990000" : 38656
          }
        },
        "bw_min" : 258872,
        "bw_max" : 372824,
        "bw_agg" : 99.553249,
        "bw_mean" : 342180.444444,
        "bw_dev" : 34876.181927,
        "bw_samples" : 9,
        "iops_min" : 64718,
        "iops_max" : 93206,
        "iops_mean" : 85545.111111,
        "iops_stddev" : 8719.045482,
        "iops_samples" : 9
      },
      "trim" : {
        "io_bytes" : 0,
        "io_kbytes" : 0,
        "bw_bytes" : 0,
        "bw" : 0,
        "iops" : 0.000000,
        "runtime" : 0,
        "total_ios" : 0,
        "short_ios" : 0,
        "drop_ios" : 0,
        "slat_ns" : {
          "min" : 0,
          "max" : 0,
          "mean" : 0.000000,
          "stddev" : 0.000000
        },
        "clat_ns" : {
          "min" : 0,
          "max" : 0,
          "mean" : 0.000000,
          "stddev" : 0.000000
        },
        "lat_ns" : {
          "min" : 0,
          "max" : 0,
          "mean" : 0.000000,
          "stddev" : 0.000000,
          "percentile" : {
            "90.000000" : 0,
            "95.000000" : 0,
            "99.000000" : 0,
            "99.900000" : 0,
            "99.990000" : 0
          }
        },
        "bw_min" : 0,
        "bw_max" : 0,
        "bw_agg" : 0.000000,
        "bw_mean" : 0.000000,
        "bw_dev" : 0.000000,
        "bw_samples" : 0,
        "iops_min" : 0,
        "iops_max" : 0,
        "iops_mean" : 0.000000,
        "iops_stddev" : 0.000000,
        "iops_samples" : 0
      },
      "sync" : {
        "lat_ns" : {
          "min" : 0,
          "max" : 0,
          "mean" : 0.000000,
          "stddev" : 0.000000
        },
        "total_ios" : 0
      },
      "job_runtime" : 5000,
      "usr_cpu" : 4.980000,
      "sys_cpu" : 23.360000,
      "ctx" : 429734,
      "majf" : 0,
      "minf" : 18,
      "iodepth_level" : {
        "1" : 100.000000,
        "2" : 0.000000,
        "4" : 0.000000,
        "8" : 0.000000,
        "16" : 0.000000,
        "32" : 0.000000,
        ">=64" : 0.000000
      },
      "iodepth_submit" : {
        "0" : 0.000000,
        "4" : 100.000000,
        "8" : 0.000000,
        "16" : 0.000000,
        "32" : 0.000000,
        "64" : 0.000000,
        ">=64" : 0.000000
      },
      "iodepth_complete" : {
        "0" : 0.000000,
        "4" : 100.000000,
        "8" : 0.000000,
        "16" : 0.000000,
        "32" : 0.000000,
        "64" : 0.000000,
        ">=64" : 0.000000
      },
      "latency_ns" : {
        "2" : 0.000000,
        "4" : 0.000000,
        "10" : 0.000000,
        "20" : 0.000000,
        "50" : 0.000000,
        "100" : 0.000000,
        "250" : 0.000000,
        "500" : 0.000000,
        "750" : 0.000000,
        "1000" : 0.000000
      },
      "latency_us" : {
        "2" : 0.000000,
        "4" : 0.000000,
        "10" : 23.352516,
        "20" : 75.759254,
        "50" : 0.884507,
        "100" : 0.010000,
        "250" : 0.010000,
        "500" : 0.000000,
        "750" : 0.000000,
        "1000" : 0.000000
      },
      "latency_ms" : {
        "2" : 0.000000,
        "4" : 0.000000,
        "10" : 0.000000,
        "20" : 0.000000,
        "50" : 0.000000,
        "100" : 0.000000,
        "250" : 0.000000,
        "500" : 0.000000,
        "750" : 0.000000,
        "1000" : 0.000000,
        "2000" : 0.000000,
        ">=2000" : 0.000000
      },
      "latency_depth" : 1,
      "latency_target" : 0,
      "latency_percentile" : 100.000000,
      "latency_window" : 0
    }
  ],
  "disk_util" : [
    {
      "name" : "nvme0n1",
      "read_ios" : 41,
      "write_ios" : 420761,
      "read_merges" : 0,
      "write_merges" : 0,
      "read_ticks" : 5,
      "write_ticks" : 3811,
      "in_queue" : 0,
      "util" : 98.377729
    }
  ]
}
