{
  "fio version" : "fio-3.36-53-g625b15",
  "timestamp" : 1757375159,
  "timestamp_ms" : 1757375159875,
  "time" : "Tue Sep  9 07:45:59 2025",
  "jobs" : [
    {
      "jobname" : "quick_bs_1m_write",
      "groupid" : 0,
      "job_start" : 1757375154859,
      "error" : 0,
      "eta" : 0,
      "elapsed" : 6,
      "job options" : {
        "name" : "quick_bs_1m_write",
        "filename" : "/dev/nvme1n2",
        "direct" : "1",
        "rw" : "write",
        "bs" : "1m",
        "iodepth" : "1",
        "numjobs" : "1",
        "runtime" : "5",
        "lat_percentiles" : "1",
        "percentile_list" : "90:95:99:99.9:99.99"
      },
      "read" : {
        "io_bytes" : 0,
        "io_kbytes" : 0,
        "bw_bytes" : 0,
        "bw" : 0,
        "iops" : 0.000000,
        "runtime" : 0,
        "total_ios" : 0,
        "short_ios" : 0,
        "drop_ios" : 0,
        "slat_ns" : {
          "min" : 0,
          "max" : 0,
          "mean" : 0.000000,
          "stddev" : 0.000000,
          "N" : 0
        },
        "clat_ns" : {
          "min" : 0,
          "max" : 0,
          "mean" : 0.000000,
          "stddev" : 0.000000,
          "N" : 0
        },
        "lat_ns" : {
          "min" : 0,
          "max" : 0,
          "mean" : 0.000000,
          "stddev" : 0.000000,
          "N" : 0
        },
        "bw_min" : 0,
        "bw_max" : 0,
        "bw_agg" : 0.000000,
        "bw_mean" : 0.000000,
        "bw_dev" : 0.000000,
        "bw_samples" : 0,
        "iops_min" : 0,
        "iops_max" : 0,
        "iops_mean" : 0.000000,
        "iops_stddev" : 0.000000,
        "iops_samples" : 0
      },
      "write" : {
        "io_bytes" : 5639241728,
        "io_kbytes" : 5507072,
        "bw_bytes" : 1127172042,
        "bw" : 1100753,
        "iops" : 1074.955027,
        "runtime" : 5003,
        "total_ios" : 5378,
        "short_ios" : 0,
        "drop_ios" : 0,
        "slat_ns" : {
          "min" : 0,
          "max" : 0,
          "mean" : 0.000000,
          "stddev" : 0.000000,
          "N" : 0
        },
        "clat_ns" : {
          "min" : 338991,
          "max" : 6962554,
          "mean" : 896756.874489,
          "stddev" : 888467.762268,
          "N" : 5378,
          "percentile" : {
            "90.000000" : 2113536,
            "95.000000" : 2473984,
            "99.000000" : 4423680,
            "99.900000" : 5931008,
            "99.990000" : 6979584
          }
        },
        "lat_ns" : {
          "min" : 355118,
          "max" : 6987310,
          "mean" : 928461.488472,
          "stddev" : 888518.291737,
          "N" : 5378,
          "percentile" : {
            "90.000000" : 2146304,
            "95.000000" : 2506752,
            "99.000000" : 4423680,
            "99.900000" : 5931008,
            "99.990000" : 6979584
          }
        },
        "bw_min" : 1089536,
        "bw_max" : 1114112,
        "bw_agg" : 100.000000,
        "bw_mean" : 1101209.600000,
        "bw_dev" : 8251.517129,
        "bw_samples" : 10,
        "iops_min" : 1064,
        "iops_max" : 1088,
        "iops_mean" : 1075.400000,
        "iops_stddev" : 8.058122,
        "iops_samples" : 10
      },
      "trim" : {
        "io_bytes" : 0,
        "io_kbytes" : 0,
        "bw_bytes" : 0,
        "bw" : 0,
        "iops" : 0.000000,
        "runtime" : 0,
        "total_ios" : 0,
        "short_ios" : 0,
        "drop_ios" : 0,
        "slat_ns" : {
          "min" : 0,
          "max" : 0,
          "mean" : 0.000000,
          "stddev" : 0.000000,
          "N" : 0
        },
        "clat_ns" : {
          "min" : 0,
          "max" : 0,
          "mean" : 0.000000,
          "stddev" : 0.000000,
          "N" : 0
        },
        "lat_ns" : {
          "min" : 0,
          "max" : 0,
          "mean" : 0.000000,
          "stddev" : 0.000000,
          "N" : 0
        },
        "bw_min" : 0,
        "bw_max" : 0,
        "bw_agg" : 0.000000,
        "bw_mean" : 0.000000,
        "bw_dev" : 0.000000,
        "bw_samples" : 0,
        "iops_min" : 0,
        "iops_max" : 0,
        "iops_mean" : 0.000000,
        "iops_stddev" : 0.000000,
        "iops_samples" : 0
      },
      "sync" : {
        "total_ios" : 0,
        "lat_ns" : {
          "min" : 0,
          "max" : 0,
          "mean" : 0.000000,
          "stddev" : 0.000000,
          "N" : 0
        }
      },
      "job_runtime" : 5002,
      "usr_cpu" : 3.678529,
      "sys_cpu" : 12.594962,
      "ctx" : 5385,
      "majf" : 0,
      "minf" : 11,
      "iodepth_level" : {
        "1" : 100.000000,
        "2" : 0.000000,
        "4" : 0.000000,
        "8" : 0.000000,
        "16" : 0.000000,
        "32" : 0.000000,
        ">=64" : 0.000000
      },
      "iodepth_submit" : {
        "0" : 0.000000,
        "4" : 100.000000,
        "8" : 0.000000,
        "16" : 0.000000,
        "32" : 0.000000,
        "64" : 0.000000,
        ">=64" : 0.000000
      },
      "iodepth_complete" : {
        "0" : 0.000000,
        "4" : 100.000000,
        "8" : 0.000000,
        "16" : 0.000000,
        "32" : 0.000000,
        "64" : 0.000000,
        ">=64" : 0.000000
      },
      "latency_ns" : {
        "2" : 0.000000,
        "4" : 0.000000,
        "10" : 0.000000,
        "20" : 0.000000,
        "50" : 0.000000,
        "100" : 0.000000,
        "250" : 0.000000,
        "500" : 0.000000,
        "750" : 0.000000,
        "1000" : 0.000000
      },
      "latency_us" : {
        "2" : 0.000000,
        "4" : 0.000000,
        "10" : 0.000000,
        "20" : 0.000000,
        "50" : 0.000000,
        "100" : 0.000000,
        "250" : 0.000000,
        "500" : 60.487170,
        "750" : 5.745630,
        "1000" : 2.696170
      },
      "latency_ms" : {
        "2" : 19.505392,
        "4" : 9.761993,
        "10" : 1.803644,
        "20" : 0.000000,
        "50" : 0.000000,
        "100" : 0.000000,
        "250" : 0.000000,
        "500" : 0.000000,
        "750" : 0.000000,
        "1000" : 0.000000,
        "2000" : 0.000000,
        ">=2000" : 0.000000
      },
      "latency_depth" : 1,
      "latency_target" : 0,
      "latency_percentile" : 100.000000,
      "latency_window" : 0
    }
  ],
  "disk_util" : [
    {
      "name" : "nvme1n2",
      "read_ios" : 2228,
      "write_ios" : 42121,
      "read_sectors" : 558856,
      "write_sectors" : 10782976,
      "read_merges" : 0,
      "write_merges" : 0,
      "read_ticks" : 4489,
      "write_ticks" : 22980,
      "in_queue" : 27469,
      "util" : 95.574690
    }
  ]
}
