{
  "fio version" : "fio-3.36-53-g625b15",
  "timestamp" : 1757375149,
  "timestamp_ms" : 1757375149316,
  "time" : "Tue Sep  9 07:45:49 2025",
  "jobs" : [
    {
      "jobname" : "quick_bs_64k_write",
      "groupid" : 0,
      "job_start" : 1757375144305,
      "error" : 0,
      "eta" : 0,
      "elapsed" : 6,
      "job options" : {
        "name" : "quick_bs_64k_write",
        "filename" : "/dev/nvme1n2",
        "direct" : "1",
        "rw" : "write",
        "bs" : "64k",
        "iodepth" : "1",
        "numjobs" : "1",
        "runtime" : "5",
        "lat_percentiles" : "1",
        "percentile_list" : "90:95:99:99.9:99.99"
      },
      "read" : {
        "io_bytes" : 0,
        "io_kbytes" : 0,
        "bw_bytes" : 0,
        "bw" : 0,
        "iops" : 0.000000,
        "runtime" : 0,
        "total_ios" : 0,
        "short_ios" : 0,
        "drop_ios" : 0,
        "slat_ns" : {
          "min" : 0,
          "max" : 0,
          "mean" : 0.000000,
          "stddev" : 0.000000,
          "N" : 0
        },
        "clat_ns" : {
          "min" : 0,
          "max" : 0,
          "mean" : 0.000000,
          "stddev" : 0.000000,
          "N" : 0
        },
        "lat_ns" : {
          "min" : 0,
          "max" : 0,
          "mean" : 0.000000,
          "stddev" : 0.000000,
          "N" : 0
        },
        "bw_min" : 0,
        "bw_max" : 0,
        "bw_agg" : 0.000000,
        "bw_mean" : 0.000000,
        "bw_dev" : 0.000000,
        "bw_samples" : 0,
        "iops_min" : 0,
        "iops_max" : 0,
        "iops_mean" : 0.000000,
        "iops_stddev" : 0.000000,
        "iops_samples" : 0
      },
      "write" : {
        "io_bytes" : 5474615296,
        "io_kbytes" : 5346304,
        "bw_bytes" : 1094704118,
        "bw" : 1069046,
        "iops" : 16703.859228,
        "runtime" : 5001,
        "total_ios" : 83536,
        "short_ios" : 0,
        "drop_ios" : 0,
        "slat_ns" : {
          "min" : 0,
          "max" : 0,
          "mean" : 0.000000,
          "stddev" : 0.000000,
          "N" : 0
        },
        "clat_ns" : {
          "min" : 34249,
          "max" : 3346097,
          "mean" : 57627.829211,
          "stddev" : 101860.088521,
          "N" : 83536,
          "percentile" : {
            "90.000000" : 64256,
            "95.000000" : 75264,
            "99.000000" : 473088,
            "99.900000" : 1105920,
            "99.990000" : 2113536
          }
        },
        "lat_ns" : {
          "min" : 35096,
          "max" : 3347279,
          "mean" : 59312.661703,
          "stddev" : 101891.746135,
          "N" : 83536,
          "percentile" : {
            "90.000000" : 67072,
            "95.000000" : 78336,
            "99.000000" : 477184,
            "99.900000" : 1105920,
            "99.990000" : 2113536
          }
        },
        "bw_min" : 1025920,
        "bw_max" : 1099776,
        "bw_agg" : 99.793275,
        "bw_mean" : 1066837.333333,
        "bw_dev" : 24160.911241,
        "bw_samples" : 9,
        "iops_min" : 16030,
        "iops_max" : 17184,
        "iops_mean" : 16669.333333,
        "iops_stddev" : 377.514238,
        "iops_samples" : 9
      },
      "trim" : {
        "io_bytes" : 0,
        "io_kbytes" : 0,
        "bw_bytes" : 0,
        "bw" : 0,
        "iops" : 0.000000,
        "runtime" : 0,
        "total_ios" : 0,
        "short_ios" : 0,
        "drop_ios" : 0,
        "slat_ns" : {
          "min" : 0,
          "max" : 0,
          "mean" : 0.000000,
          "stddev" : 0.000000,
          "N" : 0
        },
        "clat_ns" : {
          "min" : 0,
          "max" : 0,
          "mean" : 0.000000,
          "stddev" : 0.000000,
          "N" : 0
        },
        "lat_ns" : {
          "min" : 0,
          "max" : 0,
          "mean" : 0.000000,
          "stddev" : 0.000000,
          "N" : 0
        },
        "bw_min" : 0,
        "bw_max" : 0,
        "bw_agg" : 0.000000,
        "bw_mean" : 0.000000,
        "bw_dev" : 0.000000,
        "bw_samples" : 0,
        "iops_min" : 0,
        "iops_max" : 0,
        "iops_mean" : 0.000000,
        "iops_stddev" : 0.000000,
        "iops_samples" : 0
      },
      "sync" : {
        "total_ios" : 0,
        "lat_ns" : {
          "min" : 0,
          "max" : 0,
          "mean" : 0.000000,
          "stddev" : 0.000000,
          "N" : 0
        }
      },
      "job_runtime" : 5000,
      "usr_cpu" : 5.440000,
      "sys_cpu" : 11.280000,
      "ctx" : 83540,
      "majf" : 0,
      "minf" : 12,
      "iodepth_level" : {
        "1" : 100.000000,
        "2" : 0.000000,
        "4" : 0.000000,
        "8" : 0.000000,
        "16" : 0.000000,
        "32" : 0.000000,
        ">=64" : 0.000000
      },
      "iodepth_submit" : {
        "0" : 0.000000,
        "4" : 100.000000,
        "8" : 0.000000,
        "16" : 0.000000,
        "32" : 0.000000,
        "64" : 0.000000,
        ">=64" : 0.000000
      },
      "iodepth_complete" : {
        "0" : 0.000000,
        "4" : 100.000000,
        "8" : 0.000000,
        "16" : 0.000000,
        "32" : 0.000000,
        "64" : 0.000000,
        ">=64" : 0.000000
      },
      "latency_ns" : {
        "2" : 0.000000,
        "4" : 0.000000,
        "10" : 0.000000,
        "20" : 0.000000,
        "50" : 0.000000,
        "100" : 0.000000,
        "250" : 0.000000,
        "500" : 0.000000,
        "750" : 0.000000,
        "1000" : 0.000000
      },
      "latency_us" : {
        "2" : 0.000000,
        "4" : 0.000000,
        "10" : 0.000000,
        "20" : 0.000000,
        "50" : 67.078864,
        "100" : 30.972275,
        "250" : 0.796064,
        "500" : 0.166395,
        "750" : 0.119709,
        "1000" : 0.120906
      },
      "latency_ms" : {
        "2" : 0.733815,
        "4" : 0.011971,
        "10" : 0.000000,
        "20" : 0.000000,
        "50" : 0.000000,
        "100" : 0.000000,
        "250" : 0.000000,
        "500" : 0.000000,
        "750" : 0.000000,
        "1000" : 0.000000,
        "2000" : 0.000000,
        ">=2000" : 0.000000
      },
      "latency_depth" : 1,
      "latency_target" : 0,
      "latency_percentile" : 100.000000,
      "latency_window" : 0
    }
  ],
  "disk_util" : [
    {
      "name" : "nvme1n2",
      "read_ios" : 1866,
      "write_ios" : 81761,
      "read_sectors" : 466184,
      "write_sectors" : 10465408,
      "read_merges" : 0,
      "write_merges" : 0,
      "read_ticks" : 4004,
      "write_ticks" : 4010,
      "in_queue" : 8014,
      "util" : 90.590591
    }
  ]
}
