{
  "fio version" : "fio-3.36-53-g625b15",
  "timestamp" : 1757375144,
  "timestamp_ms" : 1757375144041,
  "time" : "Tue Sep  9 07:45:44 2025",
  "jobs" : [
    {
      "jobname" : "quick_bs_64k_read",
      "groupid" : 0,
      "job_start" : 1757375139029,
      "error" : 0,
      "eta" : 0,
      "elapsed" : 6,
      "job options" : {
        "name" : "quick_bs_64k_read",
        "filename" : "/dev/nvme1n2",
        "direct" : "1",
        "rw" : "read",
        "bs" : "64k",
        "iodepth" : "1",
        "numjobs" : "1",
        "runtime" : "5",
        "lat_percentiles" : "1",
        "percentile_list" : "90:95:99:99.9:99.99"
      },
      "read" : {
        "io_bytes" : 2060976128,
        "io_kbytes" : 2012672,
        "bw_bytes" : 412112803,
        "bw" : 402453,
        "iops" : 6288.342332,
        "runtime" : 5001,
        "total_ios" : 31448,
        "short_ios" : 0,
        "drop_ios" : 0,
        "slat_ns" : {
          "min" : 0,
          "max" : 0,
          "mean" : 0.000000,
          "stddev" : 0.000000,
          "N" : 0
        },
        "clat_ns" : {
          "min" : 90776,
          "max" : 329846,
          "mean" : 158497.864316,
          "stddev" : 25577.394708,
          "N" : 31448,
          "percentile" : {
            "90.000000" : 189440,
            "95.000000" : 195584,
            "99.000000" : 218112,
            "99.900000" : 261120,
            "99.990000" : 296960
          }
        },
        "lat_ns" : {
          "min" : 90823,
          "max" : 329917,
          "mean" : 158550.954846,
          "stddev" : 25580.463282,
          "N" : 31448,
          "percentile" : {
            "90.000000" : 189440,
            "95.000000" : 195584,
            "99.000000" : 218112,
            "99.900000" : 261120,
            "99.990000" : 296960
          }
        },
        "bw_min" : 358656,
        "bw_max" : 457216,
        "bw_agg" : 98.718634,
        "bw_mean" : 397297.777778,
        "bw_dev" : 43082.005112,
        "bw_samples" : 9,
        "iops_min" : 5604,
        "iops_max" : 7144,
        "iops_mean" : 6207.777778,
        "iops_stddev" : 673.156330,
        "iops_samples" : 9
      },
      "write" : {
        "io_bytes" : 0,
        "io_kbytes" : 0,
        "bw_bytes" : 0,
        "bw" : 0,
        "iops" : 0.000000,
        "runtime" : 0,
        "total_ios" : 0,
        "short_ios" : 0,
        "drop_ios" : 0,
        "slat_ns" : {
          "min" : 0,
          "max" : 0,
          "mean" : 0.000000,
          "stddev" : 0.000000,
          "N" : 0
        },
        "clat_ns" : {
          "min" : 0,
          "max" : 0,
          "mean" : 0.000000,
          "stddev" : 0.000000,
          "N" : 0
        },
        "lat_ns" : {
          "min" : 0,
          "max" : 0,
          "mean" : 0.000000,
          "stddev" : 0.000000,
          "N" : 0
        },
        "bw_min" : 0,
        "bw_max" : 0,
        "bw_agg" : 0.000000,
        "bw_mean" : 0.000000,
        "bw_dev" : 0.000000,
        "bw_samples" : 0,
        "iops_min" : 0,
        "iops_max" : 0,
        "iops_mean" : 0.000000,
        "iops_stddev" : 0.000000,
        "iops_samples" : 0
      },
      "trim" : {
        "io_bytes" : 0,
        "io_kbytes" : 0,
        "bw_bytes" : 0,
        "bw" : 0,
        "iops" : 0.000000,
        "runtime" : 0,
        "total_ios" : 0,
        "short_ios" : 0,
        "drop_ios" : 0,
        "slat_ns" : {
          "min" : 0,
          "max" : 0,
          "mean" : 0.000000,
          "stddev" : 0.000000,
          "N" : 0
        },
        "clat_ns" : {
          "min" : 0,
          "max" : 0,
          "mean" : 0.000000,
          "stddev" : 0.000000,
          "N" : 0
        },
        "lat_ns" : {
          "min" : 0,
          "max" : 0,
          "mean" : 0.000000,
          "stddev" : 0.000000,
          "N" : 0
        },
        "bw_min" : 0,
        "bw_max" : 0,
        "bw_agg" : 0.000000,
        "bw_mean" : 0.000000,
        "bw_dev" : 0.000000,
        "bw_samples" : 0,
        "iops_min" : 0,
        "iops_max" : 0,
        "iops_mean" : 0.000000,
        "iops_stddev" : 0.000000,
        "iops_samples" : 0
      },
      "sync" : {
        "total_ios" : 0,
        "lat_ns" : {
          "min" : 0,
          "max" : 0,
          "mean" : 0.000000,
          "stddev" : 0.000000,
          "N" : 0
        }
      },
      "job_runtime" : 5000,
      "usr_cpu" : 0.820000,
      "sys_cpu" : 5.400000,
      "ctx" : 31450,
      "majf" : 0,
      "minf" : 26,
      "iodepth_level" : {
        "1" : 100.000000,
        "2" : 0.000000,
        "4" : 0.000000,
        "8" : 0.000000,
        "16" : 0.000000,
        "32" : 0.000000,
        ">=64" : 0.000000
      },
      "iodepth_submit" : {
        "0" : 0.000000,
        "4" : 100.000000,
        "8" : 0.000000,
        "16" : 0.000000,
        "32" : 0.000000,
        "64" : 0.000000,
        ">=64" : 0.000000
      },
      "iodepth_complete" : {
        "0" : 0.000000,
        "4" : 100.000000,
        "8" : 0.000000,
        "16" : 0.000000,
        "32" : 0.000000,
        "64" : 0.000000,
        ">=64" : 0.000000
      },
      "latency_ns" : {
        "2" : 0.000000,
        "4" : 0.000000,
        "10" : 0.000000,
        "20" : 0.000000,
        "50" : 0.000000,
        "100" : 0.000000,
        "250" : 0.000000,
        "500" : 0.000000,
        "750" : 0.000000,
        "1000" : 0.000000
      },
      "latency_us" : {
        "2" : 0.000000,
        "4" : 0.000000,
        "10" : 0.000000,
        "20" : 0.000000,
        "50" : 0.000000,
        "100" : 0.010000,
        "250" : 99.790130,
        "500" : 0.203511,
        "750" : 0.000000,
        "1000" : 0.000000
      },
      "latency_ms" : {
        "2" : 0.000000,
        "4" : 0.000000,
        "10" : 0.000000,
        "20" : 0.000000,
        "50" : 0.000000,
        "100" : 0.000000,
        "250" : 0.000000,
        "500" : 0.000000,
        "750" : 0.000000,
        "1000" : 0.000000,
        "2000" : 0.000000,
        ">=2000" : 0.000000
      },
      "latency_depth" : 1,
      "latency_target" : 0,
      "latency_percentile" : 100.000000,
      "latency_window" : 0
    }
  ],
  "disk_util" : [
    {
      "name" : "nvme1n2",
      "read_ios" : 33576,
      "write_ios" : 0,
      "read_sectors" : 4664288,
      "write_sectors" : 0,
      "read_merges" : 0,
      "write_merges" : 0,
      "read_ticks" : 5088,
      "write_ticks" : 0,
      "in_queue" : 5088,
      "util" : 91.991992
    }
  ]
}
