{
  "fio version" : "fio-3.38",
  "timestamp" : 1758868790,
  "timestamp_ms" : 1758868790981,
  "time" : "Fri Sep 26 06:39:50 2025",
  "jobs" : [
    {
      "jobname" : "byte_addressable_16",
      "groupid" : 0,
      "job_start" : 1758868760943,
      "error" : 0,
      "eta" : 0,
      "elapsed" : 31,
      "job options" : {
        "name" : "byte_addressable_16",
        "filename" : "/byte_test.dat",
        "size" : "1G",
        "bs" : "16",
        "rw" : "write",
        "ioengine" : "sync",
        "direct" : "0",
        "fdatasync" : "1",
        "runtime" : "30",
        "iodepth" : "1",
        "numjobs" : "1"
      },
      "read" : {
        "io_bytes" : 0,
        "io_kbytes" : 0,
        "bw_bytes" : 0,
        "bw" : 0,
        "iops" : 0.000000,
        "runtime" : 0,
        "total_ios" : 0,
        "short_ios" : 27413,
        "drop_ios" : 0,
        "slat_ns" : {
          "min" : 0,
          "max" : 0,
          "mean" : 0.000000,
          "stddev" : 0.000000,
          "N" : 0
        },
        "clat_ns" : {
          "min" : 0,
          "max" : 0,
          "mean" : 0.000000,
          "stddev" : 0.000000,
          "N" : 0
        },
        "lat_ns" : {
          "min" : 0,
          "max" : 0,
          "mean" : 0.000000,
          "stddev" : 0.000000,
          "N" : 0
        },
        "bw_min" : 0,
        "bw_max" : 0,
        "bw_agg" : 0.000000,
        "bw_mean" : 0.000000,
        "bw_dev" : 0.000000,
        "bw_samples" : 0,
        "iops_min" : 0,
        "iops_max" : 0,
        "iops_mean" : 0.000000,
        "iops_stddev" : 0.000000,
        "iops_samples" : 0
      },
      "write" : {
        "io_bytes" : 438608,
        "io_kbytes" : 428,
        "bw_bytes" : 14619,
        "bw" : 14,
        "iops" : 913.736209,
        "runtime" : 30001,
        "total_ios" : 27413,
        "short_ios" : 0,
        "drop_ios" : 0,
        "slat_ns" : {
          "min" : 0,
          "max" : 0,
          "mean" : 0.000000,
          "stddev" : 0.000000,
          "N" : 0
        },
        "clat_ns" : {
          "min" : 512,
          "max" : 339562,
          "mean" : 13011.048262,
          "stddev" : 3337.598433,
          "N" : 27413,
          "percentile" : {
            "1.000000" : 1880,
            "5.000000" : 8640,
            "10.000000" : 12352,
            "20.000000" : 12480,
            "30.000000" : 12608,
            "40.000000" : 13376,
            "50.000000" : 13632,
            "60.000000" : 13760,
            "70.000000" : 13760,
            "80.000000" : 13888,
            "90.000000" : 14016,
            "95.000000" : 14144,
            "99.000000" : 19328,
            "99.500000" : 22144,
            "99.900000" : 32640,
            "99.950000" : 35584,
            "99.990000" : 74240
          }
        },
        "lat_ns" : {
          "min" : 627,
          "max" : 339859,
          "mean" : 13339.780214,
          "stddev" : 3370.496550,
          "N" : 27413
        },
        "bw_min" : 11,
        "bw_max" : 17,
        "bw_agg" : 91.059580,
        "bw_mean" : 13.796610,
        "bw_dev" : 2.147811,
        "bw_samples" : 59,
        "iops_min" : 750,
        "iops_max" : 1102,
        "iops_mean" : 912.033898,
        "iops_stddev" : 129.893055,
        "iops_samples" : 59
      },
      "trim" : {
        "io_bytes" : 0,
        "io_kbytes" : 0,
        "bw_bytes" : 0,
        "bw" : 0,
        "iops" : 0.000000,
        "runtime" : 0,
        "total_ios" : 0,
        "short_ios" : 0,
        "drop_ios" : 0,
        "slat_ns" : {
          "min" : 0,
          "max" : 0,
          "mean" : 0.000000,
          "stddev" : 0.000000,
          "N" : 0
        },
        "clat_ns" : {
          "min" : 0,
          "max" : 0,
          "mean" : 0.000000,
          "stddev" : 0.000000,
          "N" : 0
        },
        "lat_ns" : {
          "min" : 0,
          "max" : 0,
          "mean" : 0.000000,
          "stddev" : 0.000000,
          "N" : 0
        },
        "bw_min" : 0,
        "bw_max" : 0,
        "bw_agg" : 0.000000,
        "bw_mean" : 0.000000,
        "bw_dev" : 0.000000,
        "bw_samples" : 0,
        "iops_min" : 0,
        "iops_max" : 0,
        "iops_mean" : 0.000000,
        "iops_stddev" : 0.000000,
        "iops_samples" : 0
      },
      "sync" : {
        "total_ios" : 0,
        "lat_ns" : {
          "min" : 656626,
          "max" : 5448991,
          "mean" : 1074763.201620,
          "stddev" : 231071.579893,
          "N" : 27413,
          "percentile" : {
            "1.000000" : 765952,
            "5.000000" : 823296,
            "10.000000" : 856064,
            "20.000000" : 880640,
            "30.000000" : 897024,
            "40.000000" : 921600,
            "50.000000" : 978944,
            "60.000000" : 1155072,
            "70.000000" : 1236992,
            "80.000000" : 1286144,
            "90.000000" : 1368064,
            "95.000000" : 1433600,
            "99.000000" : 1531904,
            "99.500000" : 1581056,
            "99.900000" : 2637824,
            "99.950000" : 2670592,
            "99.990000" : 2932736
          }
        }
      },
      "job_runtime" : 30000,
      "usr_cpu" : 1.306667,
      "sys_cpu" : 5.476667,
      "ctx" : 80832,
      "majf" : 1,
      "minf" : 18,
      "iodepth_level" : {
        "1" : 200.000000,
        "2" : 0.000000,
        "4" : 0.000000,
        "8" : 0.000000,
        "16" : 0.000000,
        "32" : 0.000000,
        ">=64" : 0.000000
      },
      "iodepth_submit" : {
        "0" : 0.000000,
        "4" : 100.000000,
        "8" : 0.000000,
        "16" : 0.000000,
        "32" : 0.000000,
        "64" : 0.000000,
        ">=64" : 0.000000
      },
      "iodepth_complete" : {
        "0" : 0.000000,
        "4" : 100.000000,
        "8" : 0.000000,
        "16" : 0.000000,
        "32" : 0.000000,
        "64" : 0.000000,
        ">=64" : 0.000000
      },
      "latency_ns" : {
        "2" : 0.000000,
        "4" : 0.000000,
        "10" : 0.000000,
        "20" : 0.000000,
        "50" : 0.000000,
        "100" : 0.000000,
        "250" : 0.000000,
        "500" : 0.000000,
        "750" : 0.091198,
        "1000" : 0.127677
      },
      "latency_us" : {
        "2" : 1.021413,
        "4" : 1.802065,
        "10" : 4.038230,
        "20" : 92.138766,
        "50" : 0.762412,
        "100" : 0.010944,
        "250" : 0.010000,
        "500" : 0.010000,
        "750" : 0.000000,
        "1000" : 0.000000
      },
      "latency_ms" : {
        "2" : 0.000000,
        "4" : 0.000000,
        "10" : 0.000000,
        "20" : 0.000000,
        "50" : 0.000000,
        "100" : 0.000000,
        "250" : 0.000000,
        "500" : 0.000000,
        "750" : 0.000000,
        "1000" : 0.000000,
        "2000" : 0.000000,
        ">=2000" : 0.000000
      },
      "latency_depth" : 1,
      "latency_target" : 0,
      "latency_percentile" : 100.000000,
      "latency_window" : 0
    }
  ],
  "disk_util" : [
    {
      "name" : "nvme1n1",
      "read_ios" : 3879,
      "write_ios" : 54664,
      "read_sectors" : 68800,
      "write_sectors" : 222880,
      "read_merges" : 1040,
      "write_merges" : 367,
      "read_ticks" : 643,
      "write_ticks" : 24177,
      "in_queue" : 46686,
      "util" : 82.346458
    }
  ]
}
