{
  "fio version" : "fio-3.36",
  "timestamp" : 1761854742,
  "timestamp_ms" : 1761854742380,
  "time" : "Thu Oct 30 20:05:42 2025",
  "jobs" : [
    {
      "jobname" : "byte_addressable_1k",
      "groupid" : 0,
      "job_start" : 1761854711023,
      "error" : 0,
      "eta" : 0,
      "elapsed" : 31,
      "job options" : {
        "name" : "byte_addressable_1k",
        "filename" : "/byte_test.dat",
        "size" : "1G",
        "bs" : "1k",
        "rw" : "write",
        "ioengine" : "sync",
        "direct" : "0",
        "fdatasync" : "1",
        "runtime" : "30",
        "iodepth" : "1",
        "numjobs" : "1"
      },
      "read" : {
        "io_bytes" : 0,
        "io_kbytes" : 0,
        "bw_bytes" : 0,
        "bw" : 0,
        "iops" : 0.000000,
        "runtime" : 0,
        "total_ios" : 0,
        "short_ios" : 327357,
        "drop_ios" : 0,
        "slat_ns" : {
          "min" : 0,
          "max" : 0,
          "mean" : 0.000000,
          "stddev" : 0.000000,
          "N" : 0
        },
        "clat_ns" : {
          "min" : 0,
          "max" : 0,
          "mean" : 0.000000,
          "stddev" : 0.000000,
          "N" : 0
        },
        "lat_ns" : {
          "min" : 0,
          "max" : 0,
          "mean" : 0.000000,
          "stddev" : 0.000000,
          "N" : 0
        },
        "bw_min" : 0,
        "bw_max" : 0,
        "bw_agg" : 0.000000,
        "bw_mean" : 0.000000,
        "bw_dev" : 0.000000,
        "bw_samples" : 0,
        "iops_min" : 0,
        "iops_max" : 0,
        "iops_mean" : 0.000000,
        "iops_stddev" : 0.000000,
        "iops_samples" : 0
      },
      "write" : {
        "io_bytes" : 335213568,
        "io_kbytes" : 327357,
        "bw_bytes" : 11173413,
        "bw" : 10911,
        "iops" : 10911.536282,
        "runtime" : 30001,
        "total_ios" : 327357,
        "short_ios" : 0,
        "drop_ios" : 0,
        "slat_ns" : {
          "min" : 0,
          "max" : 0,
          "mean" : 0.000000,
          "stddev" : 0.000000,
          "N" : 0
        },
        "clat_ns" : {
          "min" : 442,
          "max" : 142503,
          "mean" : 1451.137171,
          "stddev" : 1473.515336,
          "N" : 327357,
          "percentile" : {
            "1.000000" : 478,
            "5.000000" : 502,
            "10.000000" : 564,
            "20.000000" : 884,
            "30.000000" : 948,
            "40.000000" : 1032,
            "50.000000" : 1128,
            "60.000000" : 1256,
            "70.000000" : 1528,
            "80.000000" : 1992,
            "90.000000" : 2384,
            "95.000000" : 2864,
            "99.000000" : 5536,
            "99.500000" : 6880,
            "99.900000" : 15296,
            "99.950000" : 24448,
            "99.990000" : 40704
          }
        },
        "lat_ns" : {
          "min" : 462,
          "max" : 142539,
          "mean" : 1489.628812,
          "stddev" : 1493.270685,
          "N" : 327357
        },
        "bw_min" : 10136,
        "bw_max" : 12288,
        "bw_agg" : 99.995087,
        "bw_mean" : 10911.254237,
        "bw_dev" : 533.352300,
        "bw_samples" : 59,
        "iops_min" : 10136,
        "iops_max" : 12288,
        "iops_mean" : 10911.254237,
        "iops_stddev" : 533.352300,
        "iops_samples" : 59
      },
      "trim" : {
        "io_bytes" : 0,
        "io_kbytes" : 0,
        "bw_bytes" : 0,
        "bw" : 0,
        "iops" : 0.000000,
        "runtime" : 0,
        "total_ios" : 0,
        "short_ios" : 0,
        "drop_ios" : 0,
        "slat_ns" : {
          "min" : 0,
          "max" : 0,
          "mean" : 0.000000,
          "stddev" : 0.000000,
          "N" : 0
        },
        "clat_ns" : {
          "min" : 0,
          "max" : 0,
          "mean" : 0.000000,
          "stddev" : 0.000000,
          "N" : 0
        },
        "lat_ns" : {
          "min" : 0,
          "max" : 0,
          "mean" : 0.000000,
          "stddev" : 0.000000,
          "N" : 0
        },
        "bw_min" : 0,
        "bw_max" : 0,
        "bw_agg" : 0.000000,
        "bw_mean" : 0.000000,
        "bw_dev" : 0.000000,
        "bw_samples" : 0,
        "iops_min" : 0,
        "iops_max" : 0,
        "iops_mean" : 0.000000,
        "iops_stddev" : 0.000000,
        "iops_samples" : 0
      },
      "sync" : {
        "total_ios" : 0,
        "lat_ns" : {
          "min" : 33110,
          "max" : 3320933,
          "mean" : 89771.083728,
          "stddev" : 54833.282538,
          "N" : 327357,
          "percentile" : {
            "1.000000" : 34048,
            "5.000000" : 34048,
            "10.000000" : 35072,
            "20.000000" : 45312,
            "30.000000" : 63232,
            "40.000000" : 67072,
            "50.000000" : 68096,
            "60.000000" : 69120,
            "70.000000" : 82432,
            "80.000000" : 158720,
            "90.000000" : 183296,
            "95.000000" : 195584,
            "99.000000" : 203776,
            "99.500000" : 207872,
            "99.900000" : 248832,
            "99.950000" : 288768,
            "99.990000" : 428032
          }
        }
      },
      "job_runtime" : 30000,
      "usr_cpu" : 1.103333,
      "sys_cpu" : 10.853333,
      "ctx" : 655196,
      "majf" : 0,
      "minf" : 14,
      "iodepth_level" : {
        "1" : 200.000000,
        "2" : 0.000000,
        "4" : 0.000000,
        "8" : 0.000000,
        "16" : 0.000000,
        "32" : 0.000000,
        ">=64" : 0.000000
      },
      "iodepth_submit" : {
        "0" : 0.000000,
        "4" : 100.000000,
        "8" : 0.000000,
        "16" : 0.000000,
        "32" : 0.000000,
        "64" : 0.000000,
        ">=64" : 0.000000
      },
      "iodepth_complete" : {
        "0" : 0.000000,
        "4" : 100.000000,
        "8" : 0.000000,
        "16" : 0.000000,
        "32" : 0.000000,
        "64" : 0.000000,
        ">=64" : 0.000000
      },
      "latency_ns" : {
        "2" : 0.000000,
        "4" : 0.000000,
        "10" : 0.000000,
        "20" : 0.000000,
        "50" : 0.000000,
        "100" : 0.000000,
        "250" : 0.000000,
        "500" : 4.992409,
        "750" : 7.479602,
        "1000" : 24.698112
      },
      "latency_us" : {
        "2" : 43.123562,
        "4" : 17.845655,
        "10" : 1.574733,
        "20" : 0.224831,
        "50" : 0.053153,
        "100" : 0.010000,
        "250" : 0.010000,
        "500" : 0.000000,
        "750" : 0.000000,
        "1000" : 0.000000
      },
      "latency_ms" : {
        "2" : 0.000000,
        "4" : 0.000000,
        "10" : 0.000000,
        "20" : 0.000000,
        "50" : 0.000000,
        "100" : 0.000000,
        "250" : 0.000000,
        "500" : 0.000000,
        "750" : 0.000000,
        "1000" : 0.000000,
        "2000" : 0.000000,
        ">=2000" : 0.000000
      },
      "latency_depth" : 1,
      "latency_target" : 0,
      "latency_percentile" : 100.000000,
      "latency_window" : 0
    }
  ],
  "disk_util" : [
    {
      "name" : "sda",
      "read_ios" : 89,
      "write_ios" : 734087,
      "read_sectors" : 3544,
      "write_sectors" : 5221512,
      "read_merges" : 294,
      "write_merges" : 163279,
      "read_ticks" : 21,
      "write_ticks" : 24001,
      "in_queue" : 30635,
      "util" : 80.544903
    }
  ]
}
