{
  "fio version" : "fio-3.38",
  "timestamp" : 1758868988,
  "timestamp_ms" : 1758868988008,
  "time" : "Fri Sep 26 06:43:08 2025",
  "jobs" : [
    {
      "jobname" : "byte_addressable_1k",
      "groupid" : 0,
      "job_start" : 1758868957970,
      "error" : 0,
      "eta" : 0,
      "elapsed" : 31,
      "job options" : {
        "name" : "byte_addressable_1k",
        "filename" : "/byte_test.dat",
        "size" : "1G",
        "bs" : "1k",
        "rw" : "write",
        "ioengine" : "sync",
        "direct" : "0",
        "fdatasync" : "1",
        "runtime" : "30",
        "iodepth" : "1",
        "numjobs" : "1"
      },
      "read" : {
        "io_bytes" : 0,
        "io_kbytes" : 0,
        "bw_bytes" : 0,
        "bw" : 0,
        "iops" : 0.000000,
        "runtime" : 0,
        "total_ios" : 0,
        "short_ios" : 21207,
        "drop_ios" : 0,
        "slat_ns" : {
          "min" : 0,
          "max" : 0,
          "mean" : 0.000000,
          "stddev" : 0.000000,
          "N" : 0
        },
        "clat_ns" : {
          "min" : 0,
          "max" : 0,
          "mean" : 0.000000,
          "stddev" : 0.000000,
          "N" : 0
        },
        "lat_ns" : {
          "min" : 0,
          "max" : 0,
          "mean" : 0.000000,
          "stddev" : 0.000000,
          "N" : 0
        },
        "bw_min" : 0,
        "bw_max" : 0,
        "bw_agg" : 0.000000,
        "bw_mean" : 0.000000,
        "bw_dev" : 0.000000,
        "bw_samples" : 0,
        "iops_min" : 0,
        "iops_max" : 0,
        "iops_mean" : 0.000000,
        "iops_stddev" : 0.000000,
        "iops_samples" : 0
      },
      "write" : {
        "io_bytes" : 21715968,
        "io_kbytes" : 21207,
        "bw_bytes" : 723841,
        "bw" : 706,
        "iops" : 706.876437,
        "runtime" : 30001,
        "total_ios" : 21207,
        "short_ios" : 0,
        "drop_ios" : 0,
        "slat_ns" : {
          "min" : 0,
          "max" : 0,
          "mean" : 0.000000,
          "stddev" : 0.000000,
          "N" : 0
        },
        "clat_ns" : {
          "min" : 670,
          "max" : 148277,
          "mean" : 19881.573207,
          "stddev" : 5596.655215,
          "N" : 21207,
          "percentile" : {
            "1.000000" : 1960,
            "5.000000" : 11072,
            "10.000000" : 17024,
            "20.000000" : 17536,
            "30.000000" : 18048,
            "40.000000" : 18304,
            "50.000000" : 19072,
            "60.000000" : 19840,
            "70.000000" : 20608,
            "80.000000" : 24448,
            "90.000000" : 25728,
            "95.000000" : 26752,
            "99.000000" : 35584,
            "99.500000" : 39680,
            "99.900000" : 52992,
            "99.950000" : 63744,
            "99.990000" : 95744
          }
        },
        "lat_ns" : {
          "min" : 695,
          "max" : 148497,
          "mean" : 20141.700335,
          "stddev" : 5631.567080,
          "N" : 21207
        },
        "bw_min" : 544,
        "bw_max" : 828,
        "bw_agg" : 99.734610,
        "bw_mean" : 706.000000,
        "bw_dev" : 94.948262,
        "bw_samples" : 59,
        "iops_min" : 544,
        "iops_max" : 828,
        "iops_mean" : 706.000000,
        "iops_stddev" : 94.948262,
        "iops_samples" : 59
      },
      "trim" : {
        "io_bytes" : 0,
        "io_kbytes" : 0,
        "bw_bytes" : 0,
        "bw" : 0,
        "iops" : 0.000000,
        "runtime" : 0,
        "total_ios" : 0,
        "short_ios" : 0,
        "drop_ios" : 0,
        "slat_ns" : {
          "min" : 0,
          "max" : 0,
          "mean" : 0.000000,
          "stddev" : 0.000000,
          "N" : 0
        },
        "clat_ns" : {
          "min" : 0,
          "max" : 0,
          "mean" : 0.000000,
          "stddev" : 0.000000,
          "N" : 0
        },
        "lat_ns" : {
          "min" : 0,
          "max" : 0,
          "mean" : 0.000000,
          "stddev" : 0.000000,
          "N" : 0
        },
        "bw_min" : 0,
        "bw_max" : 0,
        "bw_agg" : 0.000000,
        "bw_mean" : 0.000000,
        "bw_dev" : 0.000000,
        "bw_samples" : 0,
        "iops_min" : 0,
        "iops_max" : 0,
        "iops_mean" : 0.000000,
        "iops_stddev" : 0.000000,
        "iops_samples" : 0
      },
      "sync" : {
        "total_ios" : 0,
        "lat_ns" : {
          "min" : 645058,
          "max" : 229006582,
          "mean" : 1390393.206253,
          "stddev" : 1672533.617359,
          "N" : 21207,
          "percentile" : {
            "1.000000" : 741376,
            "5.000000" : 823296,
            "10.000000" : 856064,
            "20.000000" : 888832,
            "30.000000" : 913408,
            "40.000000" : 962560,
            "50.000000" : 1204224,
            "60.000000" : 1335296,
            "70.000000" : 1449984,
            "80.000000" : 2072576,
            "90.000000" : 2408448,
            "95.000000" : 2605056,
            "99.000000" : 2768896,
            "99.500000" : 2834432,
            "99.900000" : 2932736,
            "99.950000" : 2998272,
            "99.990000" : 3358720
          }
        }
      },
      "job_runtime" : 30000,
      "usr_cpu" : 0.786667,
      "sys_cpu" : 5.703333,
      "ctx" : 57516,
      "majf" : 1,
      "minf" : 13,
      "iodepth_level" : {
        "1" : 200.000000,
        "2" : 0.000000,
        "4" : 0.000000,
        "8" : 0.000000,
        "16" : 0.000000,
        "32" : 0.000000,
        ">=64" : 0.000000
      },
      "iodepth_submit" : {
        "0" : 0.000000,
        "4" : 100.000000,
        "8" : 0.000000,
        "16" : 0.000000,
        "32" : 0.000000,
        "64" : 0.000000,
        ">=64" : 0.000000
      },
      "iodepth_complete" : {
        "0" : 0.000000,
        "4" : 100.000000,
        "8" : 0.000000,
        "16" : 0.000000,
        "32" : 0.000000,
        "64" : 0.000000,
        ">=64" : 0.000000
      },
      "latency_ns" : {
        "2" : 0.000000,
        "4" : 0.000000,
        "10" : 0.000000,
        "20" : 0.000000,
        "50" : 0.000000,
        "100" : 0.000000,
        "250" : 0.000000,
        "500" : 0.000000,
        "750" : 0.028293,
        "1000" : 0.056585
      },
      "latency_us" : {
        "2" : 0.966662,
        "4" : 1.518367,
        "10" : 1.678691,
        "20" : 56.316311,
        "50" : 39.317207,
        "100" : 0.108455,
        "250" : 0.010000,
        "500" : 0.000000,
        "750" : 0.000000,
        "1000" : 0.000000
      },
      "latency_ms" : {
        "2" : 0.000000,
        "4" : 0.000000,
        "10" : 0.000000,
        "20" : 0.000000,
        "50" : 0.000000,
        "100" : 0.000000,
        "250" : 0.000000,
        "500" : 0.000000,
        "750" : 0.000000,
        "1000" : 0.000000,
        "2000" : 0.000000,
        ">=2000" : 0.000000
      },
      "latency_depth" : 1,
      "latency_target" : 0,
      "latency_percentile" : 100.000000,
      "latency_window" : 0
    }
  ],
  "disk_util" : [
    {
      "name" : "nvme1n1",
      "read_ios" : 9212,
      "write_ios" : 47485,
      "read_sectors" : 437824,
      "write_sectors" : 339528,
      "read_merges" : 2610,
      "write_merges" : 10784,
      "read_ticks" : 1611,
      "write_ticks" : 21936,
      "in_queue" : 41138,
      "util" : 74.235137
    }
  ]
}
