{
  "fio version" : "fio-3.36",
  "timestamp" : 1761854640,
  "timestamp_ms" : 1761854640703,
  "time" : "Thu Oct 30 20:04:00 2025",
  "jobs" : [
    {
      "jobname" : "byte_addressable_128",
      "groupid" : 0,
      "job_start" : 1761854609341,
      "error" : 0,
      "eta" : 0,
      "elapsed" : 31,
      "job options" : {
        "name" : "byte_addressable_128",
        "filename" : "/byte_test.dat",
        "size" : "1G",
        "bs" : "128",
        "rw" : "write",
        "ioengine" : "sync",
        "direct" : "0",
        "fdatasync" : "1",
        "runtime" : "30",
        "iodepth" : "1",
        "numjobs" : "1"
      },
      "read" : {
        "io_bytes" : 0,
        "io_kbytes" : 0,
        "bw_bytes" : 0,
        "bw" : 0,
        "iops" : 0.000000,
        "runtime" : 0,
        "total_ios" : 0,
        "short_ios" : 587350,
        "drop_ios" : 0,
        "slat_ns" : {
          "min" : 0,
          "max" : 0,
          "mean" : 0.000000,
          "stddev" : 0.000000,
          "N" : 0
        },
        "clat_ns" : {
          "min" : 0,
          "max" : 0,
          "mean" : 0.000000,
          "stddev" : 0.000000,
          "N" : 0
        },
        "lat_ns" : {
          "min" : 0,
          "max" : 0,
          "mean" : 0.000000,
          "stddev" : 0.000000,
          "N" : 0
        },
        "bw_min" : 0,
        "bw_max" : 0,
        "bw_agg" : 0.000000,
        "bw_mean" : 0.000000,
        "bw_dev" : 0.000000,
        "bw_samples" : 0,
        "iops_min" : 0,
        "iops_max" : 0,
        "iops_mean" : 0.000000,
        "iops_stddev" : 0.000000,
        "iops_samples" : 0
      },
      "write" : {
        "io_bytes" : 75180800,
        "io_kbytes" : 73418,
        "bw_bytes" : 2505943,
        "bw" : 2447,
        "iops" : 19577.680744,
        "runtime" : 30001,
        "total_ios" : 587350,
        "short_ios" : 0,
        "drop_ios" : 0,
        "slat_ns" : {
          "min" : 0,
          "max" : 0,
          "mean" : 0.000000,
          "stddev" : 0.000000,
          "N" : 0
        },
        "clat_ns" : {
          "min" : 392,
          "max" : 105252,
          "mean" : 850.123948,
          "stddev" : 881.086574,
          "N" : 587350,
          "percentile" : {
            "1.000000" : 418,
            "5.000000" : 430,
            "10.000000" : 438,
            "20.000000" : 454,
            "30.000000" : 498,
            "40.000000" : 764,
            "50.000000" : 796,
            "60.000000" : 812,
            "70.000000" : 836,
            "80.000000" : 884,
            "90.000000" : 1304,
            "95.000000" : 1928,
            "99.000000" : 2768,
            "99.500000" : 3696,
            "99.900000" : 11968,
            "99.950000" : 14656,
            "99.990000" : 27264
          }
        },
        "lat_ns" : {
          "min" : 416,
          "max" : 105284,
          "mean" : 883.457198,
          "stddev" : 898.799616,
          "N" : 587350
        },
        "bw_min" : 2174,
        "bw_max" : 2688,
        "bw_agg" : 100.000000,
        "bw_mean" : 2452.118644,
        "bw_dev" : 127.739914,
        "bw_samples" : 59,
        "iops_min" : 17396,
        "iops_max" : 21506,
        "iops_mean" : 19620.576271,
        "iops_stddev" : 1021.860781,
        "iops_samples" : 59
      },
      "trim" : {
        "io_bytes" : 0,
        "io_kbytes" : 0,
        "bw_bytes" : 0,
        "bw" : 0,
        "iops" : 0.000000,
        "runtime" : 0,
        "total_ios" : 0,
        "short_ios" : 0,
        "drop_ios" : 0,
        "slat_ns" : {
          "min" : 0,
          "max" : 0,
          "mean" : 0.000000,
          "stddev" : 0.000000,
          "N" : 0
        },
        "clat_ns" : {
          "min" : 0,
          "max" : 0,
          "mean" : 0.000000,
          "stddev" : 0.000000,
          "N" : 0
        },
        "lat_ns" : {
          "min" : 0,
          "max" : 0,
          "mean" : 0.000000,
          "stddev" : 0.000000,
          "N" : 0
        },
        "bw_min" : 0,
        "bw_max" : 0,
        "bw_agg" : 0.000000,
        "bw_mean" : 0.000000,
        "bw_dev" : 0.000000,
        "bw_samples" : 0,
        "iops_min" : 0,
        "iops_max" : 0,
        "iops_mean" : 0.000000,
        "iops_stddev" : 0.000000,
        "iops_samples" : 0
      },
      "sync" : {
        "total_ios" : 0,
        "lat_ns" : {
          "min" : 32816,
          "max" : 2440134,
          "mean" : 49845.076215,
          "stddev" : 29661.806408,
          "N" : 587350,
          "percentile" : {
            "1.000000" : 33536,
            "5.000000" : 34048,
            "10.000000" : 34048,
            "20.000000" : 34560,
            "30.000000" : 35072,
            "40.000000" : 42240,
            "50.000000" : 44800,
            "60.000000" : 45312,
            "70.000000" : 45312,
            "80.000000" : 51968,
            "90.000000" : 68096,
            "95.000000" : 81408,
            "99.000000" : 203776,
            "99.500000" : 209920,
            "99.900000" : 224256,
            "99.950000" : 244736,
            "99.990000" : 350208
          }
        }
      },
      "job_runtime" : 30000,
      "usr_cpu" : 1.743333,
      "sys_cpu" : 12.836667,
      "ctx" : 1175534,
      "majf" : 0,
      "minf" : 14,
      "iodepth_level" : {
        "1" : 200.000000,
        "2" : 0.000000,
        "4" : 0.000000,
        "8" : 0.000000,
        "16" : 0.000000,
        "32" : 0.000000,
        ">=64" : 0.000000
      },
      "iodepth_submit" : {
        "0" : 0.000000,
        "4" : 100.000000,
        "8" : 0.000000,
        "16" : 0.000000,
        "32" : 0.000000,
        "64" : 0.000000,
        ">=64" : 0.000000
      },
      "iodepth_complete" : {
        "0" : 0.000000,
        "4" : 100.000000,
        "8" : 0.000000,
        "16" : 0.000000,
        "32" : 0.000000,
        "64" : 0.000000,
        ">=64" : 0.000000
      },
      "latency_ns" : {
        "2" : 0.000000,
        "4" : 0.000000,
        "10" : 0.000000,
        "20" : 0.000000,
        "50" : 0.000000,
        "100" : 0.000000,
        "250" : 0.000000,
        "500" : 30.188984,
        "750" : 8.030476,
        "1000" : 47.572487
      },
      "latency_us" : {
        "2" : 9.562612,
        "4" : 4.186260,
        "10" : 0.328254,
        "20" : 0.106410,
        "50" : 0.021793,
        "100" : 0.010000,
        "250" : 0.010000,
        "500" : 0.000000,
        "750" : 0.000000,
        "1000" : 0.000000
      },
      "latency_ms" : {
        "2" : 0.000000,
        "4" : 0.000000,
        "10" : 0.000000,
        "20" : 0.000000,
        "50" : 0.000000,
        "100" : 0.000000,
        "250" : 0.000000,
        "500" : 0.000000,
        "750" : 0.000000,
        "1000" : 0.000000,
        "2000" : 0.000000,
        ">=2000" : 0.000000
      },
      "latency_depth" : 1,
      "latency_target" : 0,
      "latency_percentile" : 100.000000,
      "latency_window" : 0
    }
  ],
  "disk_util" : [
    {
      "name" : "sda",
      "read_ios" : 198,
      "write_ios" : 1189167,
      "read_sectors" : 12688,
      "write_sectors" : 5270296,
      "read_merges" : 411,
      "write_merges" : 36761,
      "read_ticks" : 45,
      "write_ticks" : 25344,
      "in_queue" : 33368,
      "util" : 83.038751
    }
  ]
}
