{
  "fio version" : "fio-3.36",
  "timestamp" : 1761854539,
  "timestamp_ms" : 1761854539213,
  "time" : "Thu Oct 30 20:02:19 2025",
  "jobs" : [
    {
      "jobname" : "byte_addressable_16",
      "groupid" : 0,
      "job_start" : 1761854507853,
      "error" : 0,
      "eta" : 0,
      "elapsed" : 31,
      "job options" : {
        "name" : "byte_addressable_16",
        "filename" : "/byte_test.dat",
        "size" : "1G",
        "bs" : "16",
        "rw" : "write",
        "ioengine" : "sync",
        "direct" : "0",
        "fdatasync" : "1",
        "runtime" : "30",
        "iodepth" : "1",
        "numjobs" : "1"
      },
      "read" : {
        "io_bytes" : 0,
        "io_kbytes" : 0,
        "bw_bytes" : 0,
        "bw" : 0,
        "iops" : 0.000000,
        "runtime" : 0,
        "total_ios" : 0,
        "short_ios" : 678834,
        "drop_ios" : 0,
        "slat_ns" : {
          "min" : 0,
          "max" : 0,
          "mean" : 0.000000,
          "stddev" : 0.000000,
          "N" : 0
        },
        "clat_ns" : {
          "min" : 0,
          "max" : 0,
          "mean" : 0.000000,
          "stddev" : 0.000000,
          "N" : 0
        },
        "lat_ns" : {
          "min" : 0,
          "max" : 0,
          "mean" : 0.000000,
          "stddev" : 0.000000,
          "N" : 0
        },
        "bw_min" : 0,
        "bw_max" : 0,
        "bw_agg" : 0.000000,
        "bw_mean" : 0.000000,
        "bw_dev" : 0.000000,
        "bw_samples" : 0,
        "iops_min" : 0,
        "iops_max" : 0,
        "iops_mean" : 0.000000,
        "iops_stddev" : 0.000000,
        "iops_samples" : 0
      },
      "write" : {
        "io_bytes" : 10861344,
        "io_kbytes" : 10606,
        "bw_bytes" : 362032,
        "bw" : 353,
        "iops" : 22627.045765,
        "runtime" : 30001,
        "total_ios" : 678834,
        "short_ios" : 0,
        "drop_ios" : 0,
        "slat_ns" : {
          "min" : 0,
          "max" : 0,
          "mean" : 0.000000,
          "stddev" : 0.000000,
          "N" : 0
        },
        "clat_ns" : {
          "min" : 382,
          "max" : 119720,
          "mean" : 755.009272,
          "stddev" : 687.323249,
          "N" : 678834,
          "percentile" : {
            "1.000000" : 406,
            "5.000000" : 418,
            "10.000000" : 426,
            "20.000000" : 438,
            "30.000000" : 454,
            "40.000000" : 506,
            "50.000000" : 796,
            "60.000000" : 812,
            "70.000000" : 828,
            "80.000000" : 852,
            "90.000000" : 932,
            "95.000000" : 1352,
            "99.000000" : 2608,
            "99.500000" : 2864,
            "99.900000" : 7776,
            "99.950000" : 13120,
            "99.990000" : 23168
          }
        },
        "lat_ns" : {
          "min" : 402,
          "max" : 119890,
          "mean" : 788.299259,
          "stddev" : 711.920589,
          "N" : 678834
        },
        "bw_min" : 312,
        "bw_max" : 409,
        "bw_agg" : 99.845318,
        "bw_mean" : 353.135593,
        "bw_dev" : 22.998844,
        "bw_samples" : 59,
        "iops_min" : 20018,
        "iops_max" : 26218,
        "iops_mean" : 22628.440678,
        "iops_stddev" : 1469.000930,
        "iops_samples" : 59
      },
      "trim" : {
        "io_bytes" : 0,
        "io_kbytes" : 0,
        "bw_bytes" : 0,
        "bw" : 0,
        "iops" : 0.000000,
        "runtime" : 0,
        "total_ios" : 0,
        "short_ios" : 0,
        "drop_ios" : 0,
        "slat_ns" : {
          "min" : 0,
          "max" : 0,
          "mean" : 0.000000,
          "stddev" : 0.000000,
          "N" : 0
        },
        "clat_ns" : {
          "min" : 0,
          "max" : 0,
          "mean" : 0.000000,
          "stddev" : 0.000000,
          "N" : 0
        },
        "lat_ns" : {
          "min" : 0,
          "max" : 0,
          "mean" : 0.000000,
          "stddev" : 0.000000,
          "N" : 0
        },
        "bw_min" : 0,
        "bw_max" : 0,
        "bw_agg" : 0.000000,
        "bw_mean" : 0.000000,
        "bw_dev" : 0.000000,
        "bw_samples" : 0,
        "iops_min" : 0,
        "iops_max" : 0,
        "iops_mean" : 0.000000,
        "iops_stddev" : 0.000000,
        "iops_samples" : 0
      },
      "sync" : {
        "total_ios" : 0,
        "lat_ns" : {
          "min" : 32759,
          "max" : 20738216,
          "mean" : 43063.451968,
          "stddev" : 30664.453218,
          "N" : 678834,
          "percentile" : {
            "1.000000" : 33536,
            "5.000000" : 34048,
            "10.000000" : 34048,
            "20.000000" : 34048,
            "30.000000" : 34560,
            "40.000000" : 35584,
            "50.000000" : 44800,
            "60.000000" : 45312,
            "70.000000" : 45312,
            "80.000000" : 45312,
            "90.000000" : 46336,
            "95.000000" : 68096,
            "99.000000" : 84480,
            "99.500000" : 88576,
            "99.900000" : 317440,
            "99.950000" : 337920,
            "99.990000" : 428032
          }
        }
      },
      "job_runtime" : 30000,
      "usr_cpu" : 2.013333,
      "sys_cpu" : 13.483333,
      "ctx" : 1358602,
      "majf" : 0,
      "minf" : 13,
      "iodepth_level" : {
        "1" : 200.000000,
        "2" : 0.000000,
        "4" : 0.000000,
        "8" : 0.000000,
        "16" : 0.000000,
        "32" : 0.000000,
        ">=64" : 0.000000
      },
      "iodepth_submit" : {
        "0" : 0.000000,
        "4" : 100.000000,
        "8" : 0.000000,
        "16" : 0.000000,
        "32" : 0.000000,
        "64" : 0.000000,
        ">=64" : 0.000000
      },
      "iodepth_complete" : {
        "0" : 0.000000,
        "4" : 100.000000,
        "8" : 0.000000,
        "16" : 0.000000,
        "32" : 0.000000,
        "64" : 0.000000,
        ">=64" : 0.000000
      },
      "latency_ns" : {
        "2" : 0.000000,
        "4" : 0.000000,
        "10" : 0.000000,
        "20" : 0.000000,
        "50" : 0.000000,
        "100" : 0.000000,
        "250" : 0.000000,
        "500" : 38.724342,
        "750" : 4.897663,
        "1000" : 48.121190
      },
      "latency_us" : {
        "2" : 5.764001,
        "4" : 2.190373,
        "10" : 0.211539,
        "20" : 0.074392,
        "50" : 0.015468,
        "100" : 0.010000,
        "250" : 0.010000,
        "500" : 0.000000,
        "750" : 0.000000,
        "1000" : 0.000000
      },
      "latency_ms" : {
        "2" : 0.000000,
        "4" : 0.000000,
        "10" : 0.000000,
        "20" : 0.000000,
        "50" : 0.000000,
        "100" : 0.000000,
        "250" : 0.000000,
        "500" : 0.000000,
        "750" : 0.000000,
        "1000" : 0.000000,
        "2000" : 0.000000,
        ">=2000" : 0.000000
      },
      "latency_depth" : 1,
      "latency_target" : 0,
      "latency_percentile" : 100.000000,
      "latency_window" : 0
    }
  ],
  "disk_util" : [
    {
      "name" : "sda",
      "read_ios" : 89,
      "write_ios" : 1355433,
      "read_sectors" : 3240,
      "write_sectors" : 5497056,
      "read_merges" : 294,
      "write_merges" : 5451,
      "read_ticks" : 20,
      "write_ticks" : 25889,
      "in_queue" : 34550,
      "util" : 85.128102
    }
  ]
}
