{
  "fio version" : "fio-3.38",
  "timestamp" : 1758868889,
  "timestamp_ms" : 1758868889487,
  "time" : "Fri Sep 26 06:41:29 2025",
  "jobs" : [
    {
      "jobname" : "byte_addressable_128",
      "groupid" : 0,
      "job_start" : 1758868859449,
      "error" : 0,
      "eta" : 0,
      "elapsed" : 31,
      "job options" : {
        "name" : "byte_addressable_128",
        "filename" : "/byte_test.dat",
        "size" : "1G",
        "bs" : "128",
        "rw" : "write",
        "ioengine" : "sync",
        "direct" : "0",
        "fdatasync" : "1",
        "runtime" : "30",
        "iodepth" : "1",
        "numjobs" : "1"
      },
      "read" : {
        "io_bytes" : 0,
        "io_kbytes" : 0,
        "bw_bytes" : 0,
        "bw" : 0,
        "iops" : 0.000000,
        "runtime" : 0,
        "total_ios" : 0,
        "short_ios" : 30245,
        "drop_ios" : 0,
        "slat_ns" : {
          "min" : 0,
          "max" : 0,
          "mean" : 0.000000,
          "stddev" : 0.000000,
          "N" : 0
        },
        "clat_ns" : {
          "min" : 0,
          "max" : 0,
          "mean" : 0.000000,
          "stddev" : 0.000000,
          "N" : 0
        },
        "lat_ns" : {
          "min" : 0,
          "max" : 0,
          "mean" : 0.000000,
          "stddev" : 0.000000,
          "N" : 0
        },
        "bw_min" : 0,
        "bw_max" : 0,
        "bw_agg" : 0.000000,
        "bw_mean" : 0.000000,
        "bw_dev" : 0.000000,
        "bw_samples" : 0,
        "iops_min" : 0,
        "iops_max" : 0,
        "iops_mean" : 0.000000,
        "iops_stddev" : 0.000000,
        "iops_samples" : 0
      },
      "write" : {
        "io_bytes" : 3871360,
        "io_kbytes" : 3780,
        "bw_bytes" : 129041,
        "bw" : 126,
        "iops" : 1008.133062,
        "runtime" : 30001,
        "total_ios" : 30245,
        "short_ios" : 0,
        "drop_ios" : 0,
        "slat_ns" : {
          "min" : 0,
          "max" : 0,
          "mean" : 0.000000,
          "stddev" : 0.000000,
          "N" : 0
        },
        "clat_ns" : {
          "min" : 562,
          "max" : 59572,
          "mean" : 13346.047710,
          "stddev" : 3058.611803,
          "N" : 30245,
          "percentile" : {
            "1.000000" : 1768,
            "5.000000" : 6368,
            "10.000000" : 9792,
            "20.000000" : 13120,
            "30.000000" : 13760,
            "40.000000" : 13888,
            "50.000000" : 14016,
            "60.000000" : 14016,
            "70.000000" : 14016,
            "80.000000" : 14144,
            "90.000000" : 14272,
            "95.000000" : 15936,
            "99.000000" : 19584,
            "99.500000" : 20864,
            "99.900000" : 30336,
            "99.950000" : 32640,
            "99.990000" : 38656
          }
        },
        "lat_ns" : {
          "min" : 593,
          "max" : 59807,
          "mean" : 13613.252901,
          "stddev" : 3098.612192,
          "N" : 30245
        },
        "bw_min" : 91,
        "bw_max" : 130,
        "bw_agg" : 99.193280,
        "bw_mean" : 125.694915,
        "bw_dev" : 11.143661,
        "bw_samples" : 59,
        "iops_min" : 734,
        "iops_max" : 1044,
        "iops_mean" : 1008.915254,
        "iops_stddev" : 88.857361,
        "iops_samples" : 59
      },
      "trim" : {
        "io_bytes" : 0,
        "io_kbytes" : 0,
        "bw_bytes" : 0,
        "bw" : 0,
        "iops" : 0.000000,
        "runtime" : 0,
        "total_ios" : 0,
        "short_ios" : 0,
        "drop_ios" : 0,
        "slat_ns" : {
          "min" : 0,
          "max" : 0,
          "mean" : 0.000000,
          "stddev" : 0.000000,
          "N" : 0
        },
        "clat_ns" : {
          "min" : 0,
          "max" : 0,
          "mean" : 0.000000,
          "stddev" : 0.000000,
          "N" : 0
        },
        "lat_ns" : {
          "min" : 0,
          "max" : 0,
          "mean" : 0.000000,
          "stddev" : 0.000000,
          "N" : 0
        },
        "bw_min" : 0,
        "bw_max" : 0,
        "bw_agg" : 0.000000,
        "bw_mean" : 0.000000,
        "bw_dev" : 0.000000,
        "bw_samples" : 0,
        "iops_min" : 0,
        "iops_max" : 0,
        "iops_mean" : 0.000000,
        "iops_stddev" : 0.000000,
        "iops_samples" : 0
      },
      "sync" : {
        "total_ios" : 0,
        "lat_ns" : {
          "min" : 663555,
          "max" : 4945838,
          "mean" : 973764.542800,
          "stddev" : 292287.519423,
          "N" : 30245,
          "percentile" : {
            "1.000000" : 724992,
            "5.000000" : 790528,
            "10.000000" : 823296,
            "20.000000" : 856064,
            "30.000000" : 880640,
            "40.000000" : 880640,
            "50.000000" : 905216,
            "60.000000" : 905216,
            "70.000000" : 929792,
            "80.000000" : 962560,
            "90.000000" : 1187840,
            "95.000000" : 1351680,
            "99.000000" : 2473984,
            "99.500000" : 2572288,
            "99.900000" : 2670592,
            "99.950000" : 2736128,
            "99.990000" : 2834432
          }
        }
      },
      "job_runtime" : 30000,
      "usr_cpu" : 1.316667,
      "sys_cpu" : 5.833333,
      "ctx" : 87887,
      "majf" : 1,
      "minf" : 13,
      "iodepth_level" : {
        "1" : 200.000000,
        "2" : 0.000000,
        "4" : 0.000000,
        "8" : 0.000000,
        "16" : 0.000000,
        "32" : 0.000000,
        ">=64" : 0.000000
      },
      "iodepth_submit" : {
        "0" : 0.000000,
        "4" : 100.000000,
        "8" : 0.000000,
        "16" : 0.000000,
        "32" : 0.000000,
        "64" : 0.000000,
        ">=64" : 0.000000
      },
      "iodepth_complete" : {
        "0" : 0.000000,
        "4" : 100.000000,
        "8" : 0.000000,
        "16" : 0.000000,
        "32" : 0.000000,
        "64" : 0.000000,
        ">=64" : 0.000000
      },
      "latency_ns" : {
        "2" : 0.000000,
        "4" : 0.000000,
        "10" : 0.000000,
        "20" : 0.000000,
        "50" : 0.000000,
        "100" : 0.000000,
        "250" : 0.000000,
        "500" : 0.000000,
        "750" : 0.016532,
        "1000" : 0.023144
      },
      "latency_us" : {
        "2" : 1.534138,
        "4" : 2.945941,
        "10" : 6.556456,
        "20" : 88.236072,
        "50" : 0.681104,
        "100" : 0.010000,
        "250" : 0.000000,
        "500" : 0.000000,
        "750" : 0.000000,
        "1000" : 0.000000
      },
      "latency_ms" : {
        "2" : 0.000000,
        "4" : 0.000000,
        "10" : 0.000000,
        "20" : 0.000000,
        "50" : 0.000000,
        "100" : 0.000000,
        "250" : 0.000000,
        "500" : 0.000000,
        "750" : 0.000000,
        "1000" : 0.000000,
        "2000" : 0.000000,
        ">=2000" : 0.000000
      },
      "latency_depth" : 1,
      "latency_target" : 0,
      "latency_percentile" : 100.000000,
      "latency_window" : 0
    }
  ],
  "disk_util" : [
    {
      "name" : "nvme1n1",
      "read_ios" : 4088,
      "write_ios" : 61152,
      "read_sectors" : 71968,
      "write_sectors" : 272416,
      "read_merges" : 1063,
      "write_merges" : 2064,
      "read_ticks" : 735,
      "write_ticks" : 26651,
      "in_queue" : 52153,
      "util" : 90.347800
    }
  ]
}
