{
  "fio version" : "fio-3.38",
  "timestamp" : 1758868922,
  "timestamp_ms" : 1758868922339,
  "time" : "Fri Sep 26 06:42:02 2025",
  "jobs" : [
    {
      "jobname" : "byte_addressable_256",
      "groupid" : 0,
      "job_start" : 1758868892305,
      "error" : 0,
      "eta" : 0,
      "elapsed" : 31,
      "job options" : {
        "name" : "byte_addressable_256",
        "filename" : "/byte_test.dat",
        "size" : "1G",
        "bs" : "256",
        "rw" : "write",
        "ioengine" : "sync",
        "direct" : "0",
        "fdatasync" : "1",
        "runtime" : "30",
        "iodepth" : "1",
        "numjobs" : "1"
      },
      "read" : {
        "io_bytes" : 0,
        "io_kbytes" : 0,
        "bw_bytes" : 0,
        "bw" : 0,
        "iops" : 0.000000,
        "runtime" : 0,
        "total_ios" : 0,
        "short_ios" : 28853,
        "drop_ios" : 0,
        "slat_ns" : {
          "min" : 0,
          "max" : 0,
          "mean" : 0.000000,
          "stddev" : 0.000000,
          "N" : 0
        },
        "clat_ns" : {
          "min" : 0,
          "max" : 0,
          "mean" : 0.000000,
          "stddev" : 0.000000,
          "N" : 0
        },
        "lat_ns" : {
          "min" : 0,
          "max" : 0,
          "mean" : 0.000000,
          "stddev" : 0.000000,
          "N" : 0
        },
        "bw_min" : 0,
        "bw_max" : 0,
        "bw_agg" : 0.000000,
        "bw_mean" : 0.000000,
        "bw_dev" : 0.000000,
        "bw_samples" : 0,
        "iops_min" : 0,
        "iops_max" : 0,
        "iops_mean" : 0.000000,
        "iops_stddev" : 0.000000,
        "iops_samples" : 0
      },
      "write" : {
        "io_bytes" : 7386368,
        "io_kbytes" : 7213,
        "bw_bytes" : 246204,
        "bw" : 240,
        "iops" : 961.734609,
        "runtime" : 30001,
        "total_ios" : 28853,
        "short_ios" : 0,
        "drop_ios" : 0,
        "slat_ns" : {
          "min" : 0,
          "max" : 0,
          "mean" : 0.000000,
          "stddev" : 0.000000,
          "N" : 0
        },
        "clat_ns" : {
          "min" : 529,
          "max" : 89725,
          "mean" : 16620.523585,
          "stddev" : 4412.781953,
          "N" : 28853,
          "percentile" : {
            "1.000000" : 2096,
            "5.000000" : 7968,
            "10.000000" : 11584,
            "20.000000" : 13760,
            "30.000000" : 17280,
            "40.000000" : 17536,
            "50.000000" : 17536,
            "60.000000" : 17792,
            "70.000000" : 17792,
            "80.000000" : 18048,
            "90.000000" : 19328,
            "95.000000" : 23936,
            "99.000000" : 25728,
            "99.500000" : 29056,
            "99.900000" : 38144,
            "99.950000" : 42752,
            "99.990000" : 58624
          }
        },
        "lat_ns" : {
          "min" : 547,
          "max" : 89929,
          "mean" : 16853.361869,
          "stddev" : 4437.401849,
          "N" : 28853
        },
        "bw_min" : 178,
        "bw_max" : 251,
        "bw_agg" : 99.819662,
        "bw_mean" : 240.372881,
        "bw_dev" : 19.246046,
        "bw_samples" : 59,
        "iops_min" : 714,
        "iops_max" : 1004,
        "iops_mean" : 962.508475,
        "iops_stddev" : 76.873917,
        "iops_samples" : 59
      },
      "trim" : {
        "io_bytes" : 0,
        "io_kbytes" : 0,
        "bw_bytes" : 0,
        "bw" : 0,
        "iops" : 0.000000,
        "runtime" : 0,
        "total_ios" : 0,
        "short_ios" : 0,
        "drop_ios" : 0,
        "slat_ns" : {
          "min" : 0,
          "max" : 0,
          "mean" : 0.000000,
          "stddev" : 0.000000,
          "N" : 0
        },
        "clat_ns" : {
          "min" : 0,
          "max" : 0,
          "mean" : 0.000000,
          "stddev" : 0.000000,
          "N" : 0
        },
        "lat_ns" : {
          "min" : 0,
          "max" : 0,
          "mean" : 0.000000,
          "stddev" : 0.000000,
          "N" : 0
        },
        "bw_min" : 0,
        "bw_max" : 0,
        "bw_agg" : 0.000000,
        "bw_mean" : 0.000000,
        "bw_dev" : 0.000000,
        "bw_samples" : 0,
        "iops_min" : 0,
        "iops_max" : 0,
        "iops_mean" : 0.000000,
        "iops_stddev" : 0.000000,
        "iops_samples" : 0
      },
      "sync" : {
        "total_ios" : 0,
        "lat_ns" : {
          "min" : 583481,
          "max" : 5019621,
          "mean" : 1018407.814993,
          "stddev" : 388608.153835,
          "N" : 28853,
          "percentile" : {
            "1.000000" : 733184,
            "5.000000" : 790528,
            "10.000000" : 831488,
            "20.000000" : 864256,
            "30.000000" : 880640,
            "40.000000" : 888832,
            "50.000000" : 897024,
            "60.000000" : 905216,
            "70.000000" : 921600,
            "80.000000" : 962560,
            "90.000000" : 1269760,
            "95.000000" : 2342912,
            "99.000000" : 2572288,
            "99.500000" : 2637824,
            "99.900000" : 2768896,
            "99.950000" : 2834432,
            "99.990000" : 3129344
          }
        }
      },
      "job_runtime" : 30000,
      "usr_cpu" : 1.270000,
      "sys_cpu" : 6.880000,
      "ctx" : 82981,
      "majf" : 1,
      "minf" : 22,
      "iodepth_level" : {
        "1" : 200.000000,
        "2" : 0.000000,
        "4" : 0.000000,
        "8" : 0.000000,
        "16" : 0.000000,
        "32" : 0.000000,
        ">=64" : 0.000000
      },
      "iodepth_submit" : {
        "0" : 0.000000,
        "4" : 100.000000,
        "8" : 0.000000,
        "16" : 0.000000,
        "32" : 0.000000,
        "64" : 0.000000,
        ">=64" : 0.000000
      },
      "iodepth_complete" : {
        "0" : 0.000000,
        "4" : 100.000000,
        "8" : 0.000000,
        "16" : 0.000000,
        "32" : 0.000000,
        "64" : 0.000000,
        ">=64" : 0.000000
      },
      "latency_ns" : {
        "2" : 0.000000,
        "4" : 0.000000,
        "10" : 0.000000,
        "20" : 0.000000,
        "50" : 0.000000,
        "100" : 0.000000,
        "250" : 0.000000,
        "500" : 0.000000,
        "750" : 0.020795,
        "1000" : 0.086646
      },
      "latency_us" : {
        "2" : 0.575330,
        "4" : 3.902540,
        "10" : 1.653208,
        "20" : 87.346203,
        "50" : 6.404880,
        "100" : 0.010398,
        "250" : 0.000000,
        "500" : 0.000000,
        "750" : 0.000000,
        "1000" : 0.000000
      },
      "latency_ms" : {
        "2" : 0.000000,
        "4" : 0.000000,
        "10" : 0.000000,
        "20" : 0.000000,
        "50" : 0.000000,
        "100" : 0.000000,
        "250" : 0.000000,
        "500" : 0.000000,
        "750" : 0.000000,
        "1000" : 0.000000,
        "2000" : 0.000000,
        ">=2000" : 0.000000
      },
      "latency_depth" : 1,
      "latency_target" : 0,
      "latency_percentile" : 100.000000,
      "latency_window" : 0
    }
  ],
  "disk_util" : [
    {
      "name" : "nvme1n1",
      "read_ios" : 3992,
      "write_ios" : 59257,
      "read_sectors" : 70928,
      "write_sectors" : 288816,
      "read_merges" : 1072,
      "write_merges" : 3779,
      "read_ticks" : 880,
      "write_ticks" : 25648,
      "in_queue" : 49903,
      "util" : 86.218066
    }
  ]
}
