{
  "fio version" : "fio-3.36",
  "timestamp" : 1761854674,
  "timestamp_ms" : 1761854674602,
  "time" : "Thu Oct 30 20:04:34 2025",
  "jobs" : [
    {
      "jobname" : "byte_addressable_256",
      "groupid" : 0,
      "job_start" : 1761854643253,
      "error" : 0,
      "eta" : 0,
      "elapsed" : 31,
      "job options" : {
        "name" : "byte_addressable_256",
        "filename" : "/byte_test.dat",
        "size" : "1G",
        "bs" : "256",
        "rw" : "write",
        "ioengine" : "sync",
        "direct" : "0",
        "fdatasync" : "1",
        "runtime" : "30",
        "iodepth" : "1",
        "numjobs" : "1"
      },
      "read" : {
        "io_bytes" : 0,
        "io_kbytes" : 0,
        "bw_bytes" : 0,
        "bw" : 0,
        "iops" : 0.000000,
        "runtime" : 0,
        "total_ios" : 0,
        "short_ios" : 477826,
        "drop_ios" : 0,
        "slat_ns" : {
          "min" : 0,
          "max" : 0,
          "mean" : 0.000000,
          "stddev" : 0.000000,
          "N" : 0
        },
        "clat_ns" : {
          "min" : 0,
          "max" : 0,
          "mean" : 0.000000,
          "stddev" : 0.000000,
          "N" : 0
        },
        "lat_ns" : {
          "min" : 0,
          "max" : 0,
          "mean" : 0.000000,
          "stddev" : 0.000000,
          "N" : 0
        },
        "bw_min" : 0,
        "bw_max" : 0,
        "bw_agg" : 0.000000,
        "bw_mean" : 0.000000,
        "bw_dev" : 0.000000,
        "bw_samples" : 0,
        "iops_min" : 0,
        "iops_max" : 0,
        "iops_mean" : 0.000000,
        "iops_stddev" : 0.000000,
        "iops_samples" : 0
      },
      "write" : {
        "io_bytes" : 122323456,
        "io_kbytes" : 119456,
        "bw_bytes" : 4077312,
        "bw" : 3981,
        "iops" : 15927.002433,
        "runtime" : 30001,
        "total_ios" : 477826,
        "short_ios" : 0,
        "drop_ios" : 0,
        "slat_ns" : {
          "min" : 0,
          "max" : 0,
          "mean" : 0.000000,
          "stddev" : 0.000000,
          "N" : 0
        },
        "clat_ns" : {
          "min" : 400,
          "max" : 741847,
          "mean" : 1058.351126,
          "stddev" : 1603.379143,
          "N" : 477826,
          "percentile" : {
            "1.000000" : 430,
            "5.000000" : 450,
            "10.000000" : 470,
            "20.000000" : 532,
            "30.000000" : 772,
            "40.000000" : 804,
            "50.000000" : 828,
            "60.000000" : 860,
            "70.000000" : 916,
            "80.000000" : 1144,
            "90.000000" : 1992,
            "95.000000" : 2544,
            "99.000000" : 4320,
            "99.500000" : 6112,
            "99.900000" : 15168,
            "99.950000" : 18816,
            "99.990000" : 32640
          }
        },
        "lat_ns" : {
          "min" : 422,
          "max" : 741964,
          "mean" : 1096.003032,
          "stddev" : 1619.112744,
          "N" : 477826
        },
        "bw_min" : 1227,
        "bw_max" : 4865,
        "bw_agg" : 99.554216,
        "bw_mean" : 3964.711864,
        "bw_dev" : 713.724545,
        "bw_samples" : 59,
        "iops_min" : 4908,
        "iops_max" : 19462,
        "iops_mean" : 15859.661017,
        "iops_stddev" : 2855.172370,
        "iops_samples" : 59
      },
      "trim" : {
        "io_bytes" : 0,
        "io_kbytes" : 0,
        "bw_bytes" : 0,
        "bw" : 0,
        "iops" : 0.000000,
        "runtime" : 0,
        "total_ios" : 0,
        "short_ios" : 0,
        "drop_ios" : 0,
        "slat_ns" : {
          "min" : 0,
          "max" : 0,
          "mean" : 0.000000,
          "stddev" : 0.000000,
          "N" : 0
        },
        "clat_ns" : {
          "min" : 0,
          "max" : 0,
          "mean" : 0.000000,
          "stddev" : 0.000000,
          "N" : 0
        },
        "lat_ns" : {
          "min" : 0,
          "max" : 0,
          "mean" : 0.000000,
          "stddev" : 0.000000,
          "N" : 0
        },
        "bw_min" : 0,
        "bw_max" : 0,
        "bw_agg" : 0.000000,
        "bw_mean" : 0.000000,
        "bw_dev" : 0.000000,
        "bw_samples" : 0,
        "iops_min" : 0,
        "iops_max" : 0,
        "iops_mean" : 0.000000,
        "iops_stddev" : 0.000000,
        "iops_samples" : 0
      },
      "sync" : {
        "total_ios" : 0,
        "lat_ns" : {
          "min" : 32835,
          "max" : 47970698,
          "mean" : 61294.562129,
          "stddev" : 170872.528662,
          "N" : 477826,
          "percentile" : {
            "1.000000" : 33536,
            "5.000000" : 34048,
            "10.000000" : 34048,
            "20.000000" : 35584,
            "30.000000" : 40192,
            "40.000000" : 44800,
            "50.000000" : 45312,
            "60.000000" : 45824,
            "70.000000" : 59648,
            "80.000000" : 68096,
            "90.000000" : 81408,
            "95.000000" : 187392,
            "99.000000" : 216064,
            "99.500000" : 309248,
            "99.900000" : 716800,
            "99.950000" : 921600,
            "99.990000" : 2375680
          }
        }
      },
      "job_runtime" : 30000,
      "usr_cpu" : 1.583333,
      "sys_cpu" : 12.153333,
      "ctx" : 956860,
      "majf" : 0,
      "minf" : 14,
      "iodepth_level" : {
        "1" : 200.000000,
        "2" : 0.000000,
        "4" : 0.000000,
        "8" : 0.000000,
        "16" : 0.000000,
        "32" : 0.000000,
        ">=64" : 0.000000
      },
      "iodepth_submit" : {
        "0" : 0.000000,
        "4" : 100.000000,
        "8" : 0.000000,
        "16" : 0.000000,
        "32" : 0.000000,
        "64" : 0.000000,
        ">=64" : 0.000000
      },
      "iodepth_complete" : {
        "0" : 0.000000,
        "4" : 100.000000,
        "8" : 0.000000,
        "16" : 0.000000,
        "32" : 0.000000,
        "64" : 0.000000,
        ">=64" : 0.000000
      },
      "latency_ns" : {
        "2" : 0.000000,
        "4" : 0.000000,
        "10" : 0.000000,
        "20" : 0.000000,
        "50" : 0.000000,
        "100" : 0.000000,
        "250" : 0.000000,
        "500" : 13.217991,
        "750" : 15.961249,
        "1000" : 46.330463
      },
      "latency_us" : {
        "2" : 14.617246,
        "4" : 8.737490,
        "10" : 0.925023,
        "20" : 0.167216,
        "50" : 0.039554,
        "100" : 0.010000,
        "250" : 0.010000,
        "500" : 0.000000,
        "750" : 0.010000,
        "1000" : 0.000000
      },
      "latency_ms" : {
        "2" : 0.000000,
        "4" : 0.000000,
        "10" : 0.000000,
        "20" : 0.000000,
        "50" : 0.000000,
        "100" : 0.000000,
        "250" : 0.000000,
        "500" : 0.000000,
        "750" : 0.000000,
        "1000" : 0.000000,
        "2000" : 0.000000,
        ">=2000" : 0.000000
      },
      "latency_depth" : 1,
      "latency_target" : 0,
      "latency_percentile" : 100.000000,
      "latency_window" : 0
    }
  ],
  "disk_util" : [
    {
      "name" : "sda",
      "read_ios" : 4471,
      "write_ios" : 981043,
      "read_sectors" : 849968,
      "write_sectors" : 5071960,
      "read_merges" : 2364,
      "write_merges" : 62655,
      "read_ticks" : 1574,
      "write_ticks" : 26095,
      "in_queue" : 35654,
      "util" : 80.711117
    }
  ]
}
