{
  "fio version" : "fio-3.36",
  "timestamp" : 1761854776,
  "timestamp_ms" : 1761854776322,
  "time" : "Thu Oct 30 20:06:16 2025",
  "jobs" : [
    {
      "jobname" : "byte_addressable_2k",
      "groupid" : 0,
      "job_start" : 1761854744961,
      "error" : 0,
      "eta" : 0,
      "elapsed" : 31,
      "job options" : {
        "name" : "byte_addressable_2k",
        "filename" : "/byte_test.dat",
        "size" : "1G",
        "bs" : "2k",
        "rw" : "write",
        "ioengine" : "sync",
        "direct" : "0",
        "fdatasync" : "1",
        "runtime" : "30",
        "iodepth" : "1",
        "numjobs" : "1"
      },
      "read" : {
        "io_bytes" : 0,
        "io_kbytes" : 0,
        "bw_bytes" : 0,
        "bw" : 0,
        "iops" : 0.000000,
        "runtime" : 0,
        "total_ios" : 0,
        "short_ios" : 244748,
        "drop_ios" : 0,
        "slat_ns" : {
          "min" : 0,
          "max" : 0,
          "mean" : 0.000000,
          "stddev" : 0.000000,
          "N" : 0
        },
        "clat_ns" : {
          "min" : 0,
          "max" : 0,
          "mean" : 0.000000,
          "stddev" : 0.000000,
          "N" : 0
        },
        "lat_ns" : {
          "min" : 0,
          "max" : 0,
          "mean" : 0.000000,
          "stddev" : 0.000000,
          "N" : 0
        },
        "bw_min" : 0,
        "bw_max" : 0,
        "bw_agg" : 0.000000,
        "bw_mean" : 0.000000,
        "bw_dev" : 0.000000,
        "bw_samples" : 0,
        "iops_min" : 0,
        "iops_max" : 0,
        "iops_mean" : 0.000000,
        "iops_stddev" : 0.000000,
        "iops_samples" : 0
      },
      "write" : {
        "io_bytes" : 501243904,
        "io_kbytes" : 489496,
        "bw_bytes" : 16707573,
        "bw" : 16315,
        "iops" : 8157.994734,
        "runtime" : 30001,
        "total_ios" : 244748,
        "short_ios" : 0,
        "drop_ios" : 0,
        "slat_ns" : {
          "min" : 0,
          "max" : 0,
          "mean" : 0.000000,
          "stddev" : 0.000000,
          "N" : 0
        },
        "clat_ns" : {
          "min" : 753,
          "max" : 133247,
          "mean" : 1940.501381,
          "stddev" : 1684.583843,
          "N" : 244748,
          "percentile" : {
            "1.000000" : 980,
            "5.000000" : 1080,
            "10.000000" : 1160,
            "20.000000" : 1272,
            "30.000000" : 1352,
            "40.000000" : 1448,
            "50.000000" : 1720,
            "60.000000" : 1928,
            "70.000000" : 2040,
            "80.000000" : 2192,
            "90.000000" : 2832,
            "95.000000" : 3280,
            "99.000000" : 6240,
            "99.500000" : 8512,
            "99.900000" : 22656,
            "99.950000" : 27520,
            "99.990000" : 54016
          }
        },
        "lat_ns" : {
          "min" : 788,
          "max" : 133283,
          "mean" : 1985.170036,
          "stddev" : 1710.919541,
          "N" : 244748
        },
        "bw_min" : 15420,
        "bw_max" : 17348,
        "bw_agg" : 100.000000,
        "bw_mean" : 16328.338983,
        "bw_dev" : 399.693184,
        "bw_samples" : 59,
        "iops_min" : 7710,
        "iops_max" : 8674,
        "iops_mean" : 8164.169492,
        "iops_stddev" : 199.846592,
        "iops_samples" : 59
      },
      "trim" : {
        "io_bytes" : 0,
        "io_kbytes" : 0,
        "bw_bytes" : 0,
        "bw" : 0,
        "iops" : 0.000000,
        "runtime" : 0,
        "total_ios" : 0,
        "short_ios" : 0,
        "drop_ios" : 0,
        "slat_ns" : {
          "min" : 0,
          "max" : 0,
          "mean" : 0.000000,
          "stddev" : 0.000000,
          "N" : 0
        },
        "clat_ns" : {
          "min" : 0,
          "max" : 0,
          "mean" : 0.000000,
          "stddev" : 0.000000,
          "N" : 0
        },
        "lat_ns" : {
          "min" : 0,
          "max" : 0,
          "mean" : 0.000000,
          "stddev" : 0.000000,
          "N" : 0
        },
        "bw_min" : 0,
        "bw_max" : 0,
        "bw_agg" : 0.000000,
        "bw_mean" : 0.000000,
        "bw_dev" : 0.000000,
        "bw_samples" : 0,
        "iops_min" : 0,
        "iops_max" : 0,
        "iops_mean" : 0.000000,
        "iops_stddev" : 0.000000,
        "iops_samples" : 0
      },
      "sync" : {
        "total_ios" : 0,
        "lat_ns" : {
          "min" : 34542,
          "max" : 24335818,
          "mean" : 120178.378164,
          "stddev" : 77371.552576,
          "N" : 244748,
          "percentile" : {
            "1.000000" : 41216,
            "5.000000" : 44800,
            "10.000000" : 55040,
            "20.000000" : 63232,
            "30.000000" : 66048,
            "40.000000" : 76288,
            "50.000000" : 142336,
            "60.000000" : 156672,
            "70.000000" : 171008,
            "80.000000" : 181248,
            "90.000000" : 191488,
            "95.000000" : 197632,
            "99.000000" : 207872,
            "99.500000" : 214016,
            "99.900000" : 280576,
            "99.950000" : 325632,
            "99.990000" : 692224
          }
        }
      },
      "job_runtime" : 30000,
      "usr_cpu" : 0.860000,
      "sys_cpu" : 9.860000,
      "ctx" : 489942,
      "majf" : 0,
      "minf" : 13,
      "iodepth_level" : {
        "1" : 200.000000,
        "2" : 0.000000,
        "4" : 0.000000,
        "8" : 0.000000,
        "16" : 0.000000,
        "32" : 0.000000,
        ">=64" : 0.000000
      },
      "iodepth_submit" : {
        "0" : 0.000000,
        "4" : 100.000000,
        "8" : 0.000000,
        "16" : 0.000000,
        "32" : 0.000000,
        "64" : 0.000000,
        ">=64" : 0.000000
      },
      "iodepth_complete" : {
        "0" : 0.000000,
        "4" : 100.000000,
        "8" : 0.000000,
        "16" : 0.000000,
        "32" : 0.000000,
        "64" : 0.000000,
        ">=64" : 0.000000
      },
      "latency_ns" : {
        "2" : 0.000000,
        "4" : 0.000000,
        "10" : 0.000000,
        "20" : 0.000000,
        "50" : 0.000000,
        "100" : 0.000000,
        "250" : 0.000000,
        "500" : 0.000000,
        "750" : 0.000000,
        "1000" : 1.422279
      },
      "latency_us" : {
        "2" : 65.261003,
        "4" : 30.158367,
        "10" : 2.740778,
        "20" : 0.306029,
        "50" : 0.099694,
        "100" : 0.010000,
        "250" : 0.010000,
        "500" : 0.000000,
        "750" : 0.000000,
        "1000" : 0.000000
      },
      "latency_ms" : {
        "2" : 0.000000,
        "4" : 0.000000,
        "10" : 0.000000,
        "20" : 0.000000,
        "50" : 0.000000,
        "100" : 0.000000,
        "250" : 0.000000,
        "500" : 0.000000,
        "750" : 0.000000,
        "1000" : 0.000000,
        "2000" : 0.000000,
        ">=2000" : 0.000000
      },
      "latency_depth" : 1,
      "latency_target" : 0,
      "latency_percentile" : 100.000000,
      "latency_window" : 0
    }
  ],
  "disk_util" : [
    {
      "name" : "sda",
      "read_ios" : 107,
      "write_ios" : 609846,
      "read_sectors" : 4560,
      "write_sectors" : 5855776,
      "read_merges" : 323,
      "write_merges" : 244065,
      "read_ticks" : 26,
      "write_ticks" : 23372,
      "in_queue" : 29471,
      "util" : 78.349621
    }
  ]
}
