{
  "fio version" : "fio-3.38",
  "timestamp" : 1758869020,
  "timestamp_ms" : 1758869020848,
  "time" : "Fri Sep 26 06:43:40 2025",
  "jobs" : [
    {
      "jobname" : "byte_addressable_2k",
      "groupid" : 0,
      "job_start" : 1758868990808,
      "error" : 0,
      "eta" : 0,
      "elapsed" : 31,
      "job options" : {
        "name" : "byte_addressable_2k",
        "filename" : "/byte_test.dat",
        "size" : "1G",
        "bs" : "2k",
        "rw" : "write",
        "ioengine" : "sync",
        "direct" : "0",
        "fdatasync" : "1",
        "runtime" : "30",
        "iodepth" : "1",
        "numjobs" : "1"
      },
      "read" : {
        "io_bytes" : 0,
        "io_kbytes" : 0,
        "bw_bytes" : 0,
        "bw" : 0,
        "iops" : 0.000000,
        "runtime" : 0,
        "total_ios" : 0,
        "short_ios" : 18797,
        "drop_ios" : 0,
        "slat_ns" : {
          "min" : 0,
          "max" : 0,
          "mean" : 0.000000,
          "stddev" : 0.000000,
          "N" : 0
        },
        "clat_ns" : {
          "min" : 0,
          "max" : 0,
          "mean" : 0.000000,
          "stddev" : 0.000000,
          "N" : 0
        },
        "lat_ns" : {
          "min" : 0,
          "max" : 0,
          "mean" : 0.000000,
          "stddev" : 0.000000,
          "N" : 0
        },
        "bw_min" : 0,
        "bw_max" : 0,
        "bw_agg" : 0.000000,
        "bw_mean" : 0.000000,
        "bw_dev" : 0.000000,
        "bw_samples" : 0,
        "iops_min" : 0,
        "iops_max" : 0,
        "iops_mean" : 0.000000,
        "iops_stddev" : 0.000000,
        "iops_samples" : 0
      },
      "write" : {
        "io_bytes" : 38496256,
        "io_kbytes" : 37594,
        "bw_bytes" : 1283165,
        "bw" : 1253,
        "iops" : 626.545782,
        "runtime" : 30001,
        "total_ios" : 18797,
        "short_ios" : 0,
        "drop_ios" : 0,
        "slat_ns" : {
          "min" : 0,
          "max" : 0,
          "mean" : 0.000000,
          "stddev" : 0.000000,
          "N" : 0
        },
        "clat_ns" : {
          "min" : 1530,
          "max" : 155449,
          "mean" : 16908.731606,
          "stddev" : 3785.597255,
          "N" : 18797,
          "percentile" : {
            "1.000000" : 7584,
            "5.000000" : 14400,
            "10.000000" : 14528,
            "20.000000" : 14784,
            "30.000000" : 15680,
            "40.000000" : 15936,
            "50.000000" : 16320,
            "60.000000" : 17536,
            "70.000000" : 17792,
            "80.000000" : 19072,
            "90.000000" : 19328,
            "95.000000" : 19840,
            "99.000000" : 25728,
            "99.500000" : 33536,
            "99.900000" : 53504,
            "99.950000" : 71168,
            "99.990000" : 144384
          }
        },
        "lat_ns" : {
          "min" : 1565,
          "max" : 155784,
          "mean" : 17214.122839,
          "stddev" : 3803.379277,
          "N" : 18797
        },
        "bw_min" : 1016,
        "bw_max" : 1428,
        "bw_agg" : 99.912950,
        "bw_mean" : 1252.271186,
        "bw_dev" : 153.505906,
        "bw_samples" : 59,
        "iops_min" : 508,
        "iops_max" : 714,
        "iops_mean" : 626.135593,
        "iops_stddev" : 76.752953,
        "iops_samples" : 59
      },
      "trim" : {
        "io_bytes" : 0,
        "io_kbytes" : 0,
        "bw_bytes" : 0,
        "bw" : 0,
        "iops" : 0.000000,
        "runtime" : 0,
        "total_ios" : 0,
        "short_ios" : 0,
        "drop_ios" : 0,
        "slat_ns" : {
          "min" : 0,
          "max" : 0,
          "mean" : 0.000000,
          "stddev" : 0.000000,
          "N" : 0
        },
        "clat_ns" : {
          "min" : 0,
          "max" : 0,
          "mean" : 0.000000,
          "stddev" : 0.000000,
          "N" : 0
        },
        "lat_ns" : {
          "min" : 0,
          "max" : 0,
          "mean" : 0.000000,
          "stddev" : 0.000000,
          "N" : 0
        },
        "bw_min" : 0,
        "bw_max" : 0,
        "bw_agg" : 0.000000,
        "bw_mean" : 0.000000,
        "bw_dev" : 0.000000,
        "bw_samples" : 0,
        "iops_min" : 0,
        "iops_max" : 0,
        "iops_mean" : 0.000000,
        "iops_stddev" : 0.000000,
        "iops_samples" : 0
      },
      "sync" : {
        "total_ios" : 0,
        "lat_ns" : {
          "min" : 502774,
          "max" : 6171251,
          "mean" : 1574372.086237,
          "stddev" : 633221.697563,
          "N" : 18797,
          "percentile" : {
            "1.000000" : 741376,
            "5.000000" : 815104,
            "10.000000" : 839680,
            "20.000000" : 897024,
            "30.000000" : 954368,
            "40.000000" : 1220608,
            "50.000000" : 1548288,
            "60.000000" : 1859584,
            "70.000000" : 1990656,
            "80.000000" : 2277376,
            "90.000000" : 2473984,
            "95.000000" : 2572288,
            "99.000000" : 2670592,
            "99.500000" : 2736128,
            "99.900000" : 2867200,
            "99.950000" : 2932736,
            "99.990000" : 3391488
          }
        }
      },
      "job_runtime" : 30000,
      "usr_cpu" : 0.780000,
      "sys_cpu" : 4.256667,
      "ctx" : 46368,
      "majf" : 1,
      "minf" : 12,
      "iodepth_level" : {
        "1" : 200.000000,
        "2" : 0.000000,
        "4" : 0.000000,
        "8" : 0.000000,
        "16" : 0.000000,
        "32" : 0.000000,
        ">=64" : 0.000000
      },
      "iodepth_submit" : {
        "0" : 0.000000,
        "4" : 100.000000,
        "8" : 0.000000,
        "16" : 0.000000,
        "32" : 0.000000,
        "64" : 0.000000,
        ">=64" : 0.000000
      },
      "iodepth_complete" : {
        "0" : 0.000000,
        "4" : 100.000000,
        "8" : 0.000000,
        "16" : 0.000000,
        "32" : 0.000000,
        "64" : 0.000000,
        ">=64" : 0.000000
      },
      "latency_ns" : {
        "2" : 0.000000,
        "4" : 0.000000,
        "10" : 0.000000,
        "20" : 0.000000,
        "50" : 0.000000,
        "100" : 0.000000,
        "250" : 0.000000,
        "500" : 0.000000,
        "750" : 0.000000,
        "1000" : 0.000000
      },
      "latency_us" : {
        "2" : 0.037240,
        "4" : 0.505400,
        "10" : 1.979039,
        "20" : 92.897803,
        "50" : 4.474118,
        "100" : 0.079800,
        "250" : 0.026600,
        "500" : 0.000000,
        "750" : 0.000000,
        "1000" : 0.000000
      },
      "latency_ms" : {
        "2" : 0.000000,
        "4" : 0.000000,
        "10" : 0.000000,
        "20" : 0.000000,
        "50" : 0.000000,
        "100" : 0.000000,
        "250" : 0.000000,
        "500" : 0.000000,
        "750" : 0.000000,
        "1000" : 0.000000,
        "2000" : 0.000000,
        ">=2000" : 0.000000
      },
      "latency_depth" : 1,
      "latency_target" : 0,
      "latency_percentile" : 100.000000,
      "latency_window" : 0
    }
  ],
  "disk_util" : [
    {
      "name" : "nvme1n1",
      "read_ios" : 5916,
      "write_ios" : 46777,
      "read_sectors" : 174624,
      "write_sectors" : 451320,
      "read_merges" : 1321,
      "write_merges" : 18992,
      "read_ticks" : 1280,
      "write_ticks" : 20559,
      "in_queue" : 37045,
      "util" : 69.438878
    }
  ]
}
