{
  "fio version" : "fio-3.38",
  "timestamp" : 1758868823,
  "timestamp_ms" : 1758868823793,
  "time" : "Fri Sep 26 06:40:23 2025",
  "jobs" : [
    {
      "jobname" : "byte_addressable_32",
      "groupid" : 0,
      "job_start" : 1758868793754,
      "error" : 0,
      "eta" : 0,
      "elapsed" : 31,
      "job options" : {
        "name" : "byte_addressable_32",
        "filename" : "/byte_test.dat",
        "size" : "1G",
        "bs" : "32",
        "rw" : "write",
        "ioengine" : "sync",
        "direct" : "0",
        "fdatasync" : "1",
        "runtime" : "30",
        "iodepth" : "1",
        "numjobs" : "1"
      },
      "read" : {
        "io_bytes" : 0,
        "io_kbytes" : 0,
        "bw_bytes" : 0,
        "bw" : 0,
        "iops" : 0.000000,
        "runtime" : 0,
        "total_ios" : 0,
        "short_ios" : 27292,
        "drop_ios" : 0,
        "slat_ns" : {
          "min" : 0,
          "max" : 0,
          "mean" : 0.000000,
          "stddev" : 0.000000,
          "N" : 0
        },
        "clat_ns" : {
          "min" : 0,
          "max" : 0,
          "mean" : 0.000000,
          "stddev" : 0.000000,
          "N" : 0
        },
        "lat_ns" : {
          "min" : 0,
          "max" : 0,
          "mean" : 0.000000,
          "stddev" : 0.000000,
          "N" : 0
        },
        "bw_min" : 0,
        "bw_max" : 0,
        "bw_agg" : 0.000000,
        "bw_mean" : 0.000000,
        "bw_dev" : 0.000000,
        "bw_samples" : 0,
        "iops_min" : 0,
        "iops_max" : 0,
        "iops_mean" : 0.000000,
        "iops_stddev" : 0.000000,
        "iops_samples" : 0
      },
      "write" : {
        "io_bytes" : 873344,
        "io_kbytes" : 852,
        "bw_bytes" : 29110,
        "bw" : 28,
        "iops" : 909.703010,
        "runtime" : 30001,
        "total_ios" : 27292,
        "short_ios" : 0,
        "drop_ios" : 0,
        "slat_ns" : {
          "min" : 0,
          "max" : 0,
          "mean" : 0.000000,
          "stddev" : 0.000000,
          "N" : 0
        },
        "clat_ns" : {
          "min" : 545,
          "max" : 258356,
          "mean" : 12911.506375,
          "stddev" : 2880.718476,
          "N" : 27292,
          "percentile" : {
            "1.000000" : 2096,
            "5.000000" : 8768,
            "10.000000" : 12224,
            "20.000000" : 12352,
            "30.000000" : 12480,
            "40.000000" : 12608,
            "50.000000" : 13376,
            "60.000000" : 13504,
            "70.000000" : 13632,
            "80.000000" : 13632,
            "90.000000" : 13760,
            "95.000000" : 14016,
            "99.000000" : 19328,
            "99.500000" : 22912,
            "99.900000" : 33024,
            "99.950000" : 34048,
            "99.990000" : 44288
          }
        },
        "lat_ns" : {
          "min" : 616,
          "max" : 258684,
          "mean" : 13173.712113,
          "stddev" : 2903.895789,
          "N" : 27292
        },
        "bw_min" : 23,
        "bw_max" : 34,
        "bw_agg" : 94.977671,
        "bw_mean" : 27.779661,
        "bw_dev" : 4.803260,
        "bw_samples" : 59,
        "iops_min" : 746,
        "iops_max" : 1092,
        "iops_mean" : 908.135593,
        "iops_stddev" : 157.542272,
        "iops_samples" : 59
      },
      "trim" : {
        "io_bytes" : 0,
        "io_kbytes" : 0,
        "bw_bytes" : 0,
        "bw" : 0,
        "iops" : 0.000000,
        "runtime" : 0,
        "total_ios" : 0,
        "short_ios" : 0,
        "drop_ios" : 0,
        "slat_ns" : {
          "min" : 0,
          "max" : 0,
          "mean" : 0.000000,
          "stddev" : 0.000000,
          "N" : 0
        },
        "clat_ns" : {
          "min" : 0,
          "max" : 0,
          "mean" : 0.000000,
          "stddev" : 0.000000,
          "N" : 0
        },
        "lat_ns" : {
          "min" : 0,
          "max" : 0,
          "mean" : 0.000000,
          "stddev" : 0.000000,
          "N" : 0
        },
        "bw_min" : 0,
        "bw_max" : 0,
        "bw_agg" : 0.000000,
        "bw_mean" : 0.000000,
        "bw_dev" : 0.000000,
        "bw_samples" : 0,
        "iops_min" : 0,
        "iops_max" : 0,
        "iops_mean" : 0.000000,
        "iops_stddev" : 0.000000,
        "iops_samples" : 0
      },
      "sync" : {
        "total_ios" : 0,
        "lat_ns" : {
          "min" : 632027,
          "max" : 5122027,
          "mean" : 1081862.246079,
          "stddev" : 253108.638499,
          "N" : 27292,
          "percentile" : {
            "1.000000" : 757760,
            "5.000000" : 823296,
            "10.000000" : 847872,
            "20.000000" : 880640,
            "30.000000" : 897024,
            "40.000000" : 921600,
            "50.000000" : 946176,
            "60.000000" : 1171456,
            "70.000000" : 1236992,
            "80.000000" : 1302528,
            "90.000000" : 1400832,
            "95.000000" : 1449984,
            "99.000000" : 1564672,
            "99.500000" : 2441216,
            "99.900000" : 2703360,
            "99.950000" : 2768896,
            "99.990000" : 3260416
          }
        }
      },
      "job_runtime" : 30000,
      "usr_cpu" : 1.090000,
      "sys_cpu" : 5.336667,
      "ctx" : 80707,
      "majf" : 1,
      "minf" : 10,
      "iodepth_level" : {
        "1" : 200.000000,
        "2" : 0.000000,
        "4" : 0.000000,
        "8" : 0.000000,
        "16" : 0.000000,
        "32" : 0.000000,
        ">=64" : 0.000000
      },
      "iodepth_submit" : {
        "0" : 0.000000,
        "4" : 100.000000,
        "8" : 0.000000,
        "16" : 0.000000,
        "32" : 0.000000,
        "64" : 0.000000,
        ">=64" : 0.000000
      },
      "iodepth_complete" : {
        "0" : 0.000000,
        "4" : 100.000000,
        "8" : 0.000000,
        "16" : 0.000000,
        "32" : 0.000000,
        "64" : 0.000000,
        ">=64" : 0.000000
      },
      "latency_ns" : {
        "2" : 0.000000,
        "4" : 0.000000,
        "10" : 0.000000,
        "20" : 0.000000,
        "50" : 0.000000,
        "100" : 0.000000,
        "250" : 0.000000,
        "500" : 0.000000,
        "750" : 0.014656,
        "1000" : 0.032977
      },
      "latency_us" : {
        "2" : 0.890371,
        "4" : 1.385021,
        "10" : 4.385901,
        "20" : 92.426352,
        "50" : 0.857394,
        "100" : 0.010000,
        "250" : 0.000000,
        "500" : 0.010000,
        "750" : 0.000000,
        "1000" : 0.000000
      },
      "latency_ms" : {
        "2" : 0.000000,
        "4" : 0.000000,
        "10" : 0.000000,
        "20" : 0.000000,
        "50" : 0.000000,
        "100" : 0.000000,
        "250" : 0.000000,
        "500" : 0.000000,
        "750" : 0.000000,
        "1000" : 0.000000,
        "2000" : 0.000000,
        ">=2000" : 0.000000
      },
      "latency_depth" : 1,
      "latency_target" : 0,
      "latency_percentile" : 100.000000,
      "latency_window" : 0
    }
  ],
  "disk_util" : [
    {
      "name" : "nvme1n1",
      "read_ios" : 5992,
      "write_ios" : 54524,
      "read_sectors" : 107832,
      "write_sectors" : 226152,
      "read_merges" : 1769,
      "write_merges" : 684,
      "read_ticks" : 1101,
      "write_ticks" : 24737,
      "in_queue" : 48226,
      "util" : 83.702442
    }
  ]
}
