{
  "fio version" : "fio-3.36",
  "timestamp" : 1761854573,
  "timestamp_ms" : 1761854573011,
  "time" : "Thu Oct 30 20:02:53 2025",
  "jobs" : [
    {
      "jobname" : "byte_addressable_32",
      "groupid" : 0,
      "job_start" : 1761854541656,
      "error" : 0,
      "eta" : 0,
      "elapsed" : 31,
      "job options" : {
        "name" : "byte_addressable_32",
        "filename" : "/byte_test.dat",
        "size" : "1G",
        "bs" : "32",
        "rw" : "write",
        "ioengine" : "sync",
        "direct" : "0",
        "fdatasync" : "1",
        "runtime" : "30",
        "iodepth" : "1",
        "numjobs" : "1"
      },
      "read" : {
        "io_bytes" : 0,
        "io_kbytes" : 0,
        "bw_bytes" : 0,
        "bw" : 0,
        "iops" : 0.000000,
        "runtime" : 0,
        "total_ios" : 0,
        "short_ios" : 654955,
        "drop_ios" : 0,
        "slat_ns" : {
          "min" : 0,
          "max" : 0,
          "mean" : 0.000000,
          "stddev" : 0.000000,
          "N" : 0
        },
        "clat_ns" : {
          "min" : 0,
          "max" : 0,
          "mean" : 0.000000,
          "stddev" : 0.000000,
          "N" : 0
        },
        "lat_ns" : {
          "min" : 0,
          "max" : 0,
          "mean" : 0.000000,
          "stddev" : 0.000000,
          "N" : 0
        },
        "bw_min" : 0,
        "bw_max" : 0,
        "bw_agg" : 0.000000,
        "bw_mean" : 0.000000,
        "bw_dev" : 0.000000,
        "bw_samples" : 0,
        "iops_min" : 0,
        "iops_max" : 0,
        "iops_mean" : 0.000000,
        "iops_stddev" : 0.000000,
        "iops_samples" : 0
      },
      "write" : {
        "io_bytes" : 20958560,
        "io_kbytes" : 20467,
        "bw_bytes" : 698595,
        "bw" : 682,
        "iops" : 21831.105630,
        "runtime" : 30001,
        "total_ios" : 654955,
        "short_ios" : 0,
        "drop_ios" : 0,
        "slat_ns" : {
          "min" : 0,
          "max" : 0,
          "mean" : 0.000000,
          "stddev" : 0.000000,
          "N" : 0
        },
        "clat_ns" : {
          "min" : 390,
          "max" : 118335,
          "mean" : 803.577023,
          "stddev" : 675.356114,
          "N" : 654955,
          "percentile" : {
            "1.000000" : 422,
            "5.000000" : 434,
            "10.000000" : 446,
            "20.000000" : 470,
            "30.000000" : 756,
            "40.000000" : 788,
            "50.000000" : 804,
            "60.000000" : 820,
            "70.000000" : 836,
            "80.000000" : 860,
            "90.000000" : 940,
            "95.000000" : 1288,
            "99.000000" : 2576,
            "99.500000" : 2800,
            "99.900000" : 6304,
            "99.950000" : 11840,
            "99.990000" : 23424
          }
        },
        "lat_ns" : {
          "min" : 411,
          "max" : 118504,
          "mean" : 836.959464,
          "stddev" : 690.191126,
          "N" : 654955
        },
        "bw_min" : 626,
        "bw_max" : 807,
        "bw_agg" : 99.967506,
        "bw_mean" : 682.610169,
        "bw_dev" : 40.812024,
        "bw_samples" : 59,
        "iops_min" : 20048,
        "iops_max" : 25852,
        "iops_mean" : 21859.322034,
        "iops_stddev" : 1306.020943,
        "iops_samples" : 59
      },
      "trim" : {
        "io_bytes" : 0,
        "io_kbytes" : 0,
        "bw_bytes" : 0,
        "bw" : 0,
        "iops" : 0.000000,
        "runtime" : 0,
        "total_ios" : 0,
        "short_ios" : 0,
        "drop_ios" : 0,
        "slat_ns" : {
          "min" : 0,
          "max" : 0,
          "mean" : 0.000000,
          "stddev" : 0.000000,
          "N" : 0
        },
        "clat_ns" : {
          "min" : 0,
          "max" : 0,
          "mean" : 0.000000,
          "stddev" : 0.000000,
          "N" : 0
        },
        "lat_ns" : {
          "min" : 0,
          "max" : 0,
          "mean" : 0.000000,
          "stddev" : 0.000000,
          "N" : 0
        },
        "bw_min" : 0,
        "bw_max" : 0,
        "bw_agg" : 0.000000,
        "bw_mean" : 0.000000,
        "bw_dev" : 0.000000,
        "bw_samples" : 0,
        "iops_min" : 0,
        "iops_max" : 0,
        "iops_mean" : 0.000000,
        "iops_stddev" : 0.000000,
        "iops_samples" : 0
      },
      "sync" : {
        "total_ios" : 0,
        "lat_ns" : {
          "min" : 32819,
          "max" : 2615638,
          "mean" : 44621.005159,
          "stddev" : 16679.322980,
          "N" : 654955,
          "percentile" : {
            "1.000000" : 33536,
            "5.000000" : 34048,
            "10.000000" : 34048,
            "20.000000" : 35072,
            "30.000000" : 36096,
            "40.000000" : 44800,
            "50.000000" : 44800,
            "60.000000" : 45312,
            "70.000000" : 45312,
            "80.000000" : 45312,
            "90.000000" : 46336,
            "95.000000" : 65280,
            "99.000000" : 85504,
            "99.500000" : 193536,
            "99.900000" : 211968,
            "99.950000" : 216064,
            "99.990000" : 317440
          }
        }
      },
      "job_runtime" : 30000,
      "usr_cpu" : 1.906667,
      "sys_cpu" : 13.556667,
      "ctx" : 1310535,
      "majf" : 0,
      "minf" : 14,
      "iodepth_level" : {
        "1" : 200.000000,
        "2" : 0.000000,
        "4" : 0.000000,
        "8" : 0.000000,
        "16" : 0.000000,
        "32" : 0.000000,
        ">=64" : 0.000000
      },
      "iodepth_submit" : {
        "0" : 0.000000,
        "4" : 100.000000,
        "8" : 0.000000,
        "16" : 0.000000,
        "32" : 0.000000,
        "64" : 0.000000,
        ">=64" : 0.000000
      },
      "iodepth_complete" : {
        "0" : 0.000000,
        "4" : 100.000000,
        "8" : 0.000000,
        "16" : 0.000000,
        "32" : 0.000000,
        "64" : 0.000000,
        ">=64" : 0.000000
      },
      "latency_ns" : {
        "2" : 0.000000,
        "4" : 0.000000,
        "10" : 0.000000,
        "20" : 0.000000,
        "50" : 0.000000,
        "100" : 0.000000,
        "250" : 0.000000,
        "500" : 23.439320,
        "750" : 6.305166,
        "1000" : 61.704087
      },
      "latency_us" : {
        "2" : 6.378301,
        "4" : 1.935858,
        "10" : 0.165050,
        "20" : 0.056798,
        "50" : 0.013436,
        "100" : 0.010000,
        "250" : 0.010000,
        "500" : 0.000000,
        "750" : 0.000000,
        "1000" : 0.000000
      },
      "latency_ms" : {
        "2" : 0.000000,
        "4" : 0.000000,
        "10" : 0.000000,
        "20" : 0.000000,
        "50" : 0.000000,
        "100" : 0.000000,
        "250" : 0.000000,
        "500" : 0.000000,
        "750" : 0.000000,
        "1000" : 0.000000,
        "2000" : 0.000000,
        ">=2000" : 0.000000
      },
      "latency_depth" : 1,
      "latency_target" : 0,
      "latency_percentile" : 100.000000,
      "latency_window" : 0
    }
  ],
  "disk_util" : [
    {
      "name" : "sda",
      "read_ios" : 81,
      "write_ios" : 1310561,
      "read_sectors" : 3328,
      "write_sectors" : 5386400,
      "read_merges" : 233,
      "write_merges" : 10369,
      "read_ticks" : 18,
      "write_ticks" : 25835,
      "in_queue" : 34462,
      "util" : 85.000500
    }
  ]
}
