{
  "fio version" : "fio-3.36",
  "timestamp" : 1761854810,
  "timestamp_ms" : 1761854810334,
  "time" : "Thu Oct 30 20:06:50 2025",
  "jobs" : [
    {
      "jobname" : "byte_addressable_4k",
      "groupid" : 0,
      "job_start" : 1761854778974,
      "error" : 0,
      "eta" : 0,
      "elapsed" : 31,
      "job options" : {
        "name" : "byte_addressable_4k",
        "filename" : "/byte_test.dat",
        "size" : "1G",
        "bs" : "4k",
        "rw" : "write",
        "ioengine" : "sync",
        "direct" : "0",
        "fdatasync" : "1",
        "runtime" : "30",
        "iodepth" : "1",
        "numjobs" : "1"
      },
      "read" : {
        "io_bytes" : 0,
        "io_kbytes" : 0,
        "bw_bytes" : 0,
        "bw" : 0,
        "iops" : 0.000000,
        "runtime" : 0,
        "total_ios" : 0,
        "short_ios" : 170606,
        "drop_ios" : 0,
        "slat_ns" : {
          "min" : 0,
          "max" : 0,
          "mean" : 0.000000,
          "stddev" : 0.000000,
          "N" : 0
        },
        "clat_ns" : {
          "min" : 0,
          "max" : 0,
          "mean" : 0.000000,
          "stddev" : 0.000000,
          "N" : 0
        },
        "lat_ns" : {
          "min" : 0,
          "max" : 0,
          "mean" : 0.000000,
          "stddev" : 0.000000,
          "N" : 0
        },
        "bw_min" : 0,
        "bw_max" : 0,
        "bw_agg" : 0.000000,
        "bw_mean" : 0.000000,
        "bw_dev" : 0.000000,
        "bw_samples" : 0,
        "iops_min" : 0,
        "iops_max" : 0,
        "iops_mean" : 0.000000,
        "iops_stddev" : 0.000000,
        "iops_samples" : 0
      },
      "write" : {
        "io_bytes" : 698802176,
        "io_kbytes" : 682424,
        "bw_bytes" : 23292629,
        "bw" : 22746,
        "iops" : 5686.677111,
        "runtime" : 30001,
        "total_ios" : 170606,
        "short_ios" : 0,
        "drop_ios" : 0,
        "slat_ns" : {
          "min" : 0,
          "max" : 0,
          "mean" : 0.000000,
          "stddev" : 0.000000,
          "N" : 0
        },
        "clat_ns" : {
          "min" : 1295,
          "max" : 113674,
          "mean" : 2582.438115,
          "stddev" : 2045.577419,
          "N" : 170606,
          "percentile" : {
            "1.000000" : 1624,
            "5.000000" : 1768,
            "10.000000" : 1832,
            "20.000000" : 1928,
            "30.000000" : 2008,
            "40.000000" : 2064,
            "50.000000" : 2160,
            "60.000000" : 2224,
            "70.000000" : 2352,
            "80.000000" : 2992,
            "90.000000" : 3568,
            "95.000000" : 4448,
            "99.000000" : 8032,
            "99.500000" : 9792,
            "99.900000" : 30336,
            "99.950000" : 37632,
            "99.990000" : 70144
          }
        },
        "lat_ns" : {
          "min" : 1325,
          "max" : 113730,
          "mean" : 2627.922594,
          "stddev" : 2082.294897,
          "N" : 170606
        },
        "bw_min" : 21232,
        "bw_max" : 25264,
        "bw_agg" : 99.992491,
        "bw_mean" : 22745.627119,
        "bw_dev" : 874.126833,
        "bw_samples" : 59,
        "iops_min" : 5308,
        "iops_max" : 6316,
        "iops_mean" : 5686.406780,
        "iops_stddev" : 218.531708,
        "iops_samples" : 59
      },
      "trim" : {
        "io_bytes" : 0,
        "io_kbytes" : 0,
        "bw_bytes" : 0,
        "bw" : 0,
        "iops" : 0.000000,
        "runtime" : 0,
        "total_ios" : 0,
        "short_ios" : 0,
        "drop_ios" : 0,
        "slat_ns" : {
          "min" : 0,
          "max" : 0,
          "mean" : 0.000000,
          "stddev" : 0.000000,
          "N" : 0
        },
        "clat_ns" : {
          "min" : 0,
          "max" : 0,
          "mean" : 0.000000,
          "stddev" : 0.000000,
          "N" : 0
        },
        "lat_ns" : {
          "min" : 0,
          "max" : 0,
          "mean" : 0.000000,
          "stddev" : 0.000000,
          "N" : 0
        },
        "bw_min" : 0,
        "bw_max" : 0,
        "bw_agg" : 0.000000,
        "bw_mean" : 0.000000,
        "bw_dev" : 0.000000,
        "bw_samples" : 0,
        "iops_min" : 0,
        "iops_max" : 0,
        "iops_mean" : 0.000000,
        "iops_stddev" : 0.000000,
        "iops_samples" : 0
      },
      "sync" : {
        "total_ios" : 0,
        "lat_ns" : {
          "min" : 135053,
          "max" : 23428402,
          "mean" : 172780.430032,
          "stddev" : 59727.052634,
          "N" : 170606,
          "percentile" : {
            "1.000000" : 146432,
            "5.000000" : 148480,
            "10.000000" : 150528,
            "20.000000" : 154624,
            "30.000000" : 156672,
            "40.000000" : 166912,
            "50.000000" : 173056,
            "60.000000" : 181248,
            "70.000000" : 185344,
            "80.000000" : 187392,
            "90.000000" : 191488,
            "95.000000" : 195584,
            "99.000000" : 209920,
            "99.500000" : 226304,
            "99.900000" : 296960,
            "99.950000" : 333824,
            "99.990000" : 518144
          }
        }
      },
      "job_runtime" : 30000,
      "usr_cpu" : 0.730000,
      "sys_cpu" : 8.586667,
      "ctx" : 341522,
      "majf" : 0,
      "minf" : 14,
      "iodepth_level" : {
        "1" : 200.000000,
        "2" : 0.000000,
        "4" : 0.000000,
        "8" : 0.000000,
        "16" : 0.000000,
        "32" : 0.000000,
        ">=64" : 0.000000
      },
      "iodepth_submit" : {
        "0" : 0.000000,
        "4" : 100.000000,
        "8" : 0.000000,
        "16" : 0.000000,
        "32" : 0.000000,
        "64" : 0.000000,
        ">=64" : 0.000000
      },
      "iodepth_complete" : {
        "0" : 0.000000,
        "4" : 100.000000,
        "8" : 0.000000,
        "16" : 0.000000,
        "32" : 0.000000,
        "64" : 0.000000,
        ">=64" : 0.000000
      },
      "latency_ns" : {
        "2" : 0.000000,
        "4" : 0.000000,
        "10" : 0.000000,
        "20" : 0.000000,
        "50" : 0.000000,
        "100" : 0.000000,
        "250" : 0.000000,
        "500" : 0.000000,
        "750" : 0.000000,
        "1000" : 0.000000
      },
      "latency_us" : {
        "2" : 28.954433,
        "4" : 64.849419,
        "10" : 5.707888,
        "20" : 0.239734,
        "50" : 0.228011,
        "100" : 0.014654,
        "250" : 0.010000,
        "500" : 0.000000,
        "750" : 0.000000,
        "1000" : 0.000000
      },
      "latency_ms" : {
        "2" : 0.000000,
        "4" : 0.000000,
        "10" : 0.000000,
        "20" : 0.000000,
        "50" : 0.000000,
        "100" : 0.000000,
        "250" : 0.000000,
        "500" : 0.000000,
        "750" : 0.000000,
        "1000" : 0.000000,
        "2000" : 0.000000,
        ">=2000" : 0.000000
      },
      "latency_depth" : 1,
      "latency_target" : 0,
      "latency_percentile" : 100.000000,
      "latency_window" : 0
    }
  ],
  "disk_util" : [
    {
      "name" : "sda",
      "read_ios" : 89,
      "write_ios" : 510075,
      "read_sectors" : 3544,
      "write_sectors" : 6801976,
      "read_merges" : 294,
      "write_merges" : 340177,
      "read_ticks" : 22,
      "write_ticks" : 22613,
      "in_queue" : 28072,
      "util" : 75.872190
    }
  ]
}
