{
  "fio version" : "fio-3.38",
  "timestamp" : 1758869053,
  "timestamp_ms" : 1758869053747,
  "time" : "Fri Sep 26 06:44:13 2025",
  "jobs" : [
    {
      "jobname" : "byte_addressable_4k",
      "groupid" : 0,
      "job_start" : 1758869023707,
      "error" : 0,
      "eta" : 0,
      "elapsed" : 31,
      "job options" : {
        "name" : "byte_addressable_4k",
        "filename" : "/byte_test.dat",
        "size" : "1G",
        "bs" : "4k",
        "rw" : "write",
        "ioengine" : "sync",
        "direct" : "0",
        "fdatasync" : "1",
        "runtime" : "30",
        "iodepth" : "1",
        "numjobs" : "1"
      },
      "read" : {
        "io_bytes" : 0,
        "io_kbytes" : 0,
        "bw_bytes" : 0,
        "bw" : 0,
        "iops" : 0.000000,
        "runtime" : 0,
        "total_ios" : 0,
        "short_ios" : 14315,
        "drop_ios" : 0,
        "slat_ns" : {
          "min" : 0,
          "max" : 0,
          "mean" : 0.000000,
          "stddev" : 0.000000,
          "N" : 0
        },
        "clat_ns" : {
          "min" : 0,
          "max" : 0,
          "mean" : 0.000000,
          "stddev" : 0.000000,
          "N" : 0
        },
        "lat_ns" : {
          "min" : 0,
          "max" : 0,
          "mean" : 0.000000,
          "stddev" : 0.000000,
          "N" : 0
        },
        "bw_min" : 0,
        "bw_max" : 0,
        "bw_agg" : 0.000000,
        "bw_mean" : 0.000000,
        "bw_dev" : 0.000000,
        "bw_samples" : 0,
        "iops_min" : 0,
        "iops_max" : 0,
        "iops_mean" : 0.000000,
        "iops_stddev" : 0.000000,
        "iops_samples" : 0
      },
      "write" : {
        "io_bytes" : 58634240,
        "io_kbytes" : 57260,
        "bw_bytes" : 1954344,
        "bw" : 1908,
        "iops" : 477.134858,
        "runtime" : 30002,
        "total_ios" : 14315,
        "short_ios" : 0,
        "drop_ios" : 0,
        "slat_ns" : {
          "min" : 0,
          "max" : 0,
          "mean" : 0.000000,
          "stddev" : 0.000000,
          "N" : 0
        },
        "clat_ns" : {
          "min" : 2648,
          "max" : 306936,
          "mean" : 22450.913797,
          "stddev" : 7723.528913,
          "N" : 14315,
          "percentile" : {
            "1.000000" : 17792,
            "5.000000" : 19072,
            "10.000000" : 19328,
            "20.000000" : 19840,
            "30.000000" : 20096,
            "40.000000" : 20096,
            "50.000000" : 20352,
            "60.000000" : 20864,
            "70.000000" : 21120,
            "80.000000" : 24192,
            "90.000000" : 28800,
            "95.000000" : 33024,
            "99.000000" : 43264,
            "99.500000" : 48896,
            "99.900000" : 88576,
            "99.950000" : 156672,
            "99.990000" : 301056
          }
        },
        "lat_ns" : {
          "min" : 2671,
          "max" : 307292,
          "mean" : 22921.598882,
          "stddev" : 7799.977233,
          "N" : 14315
        },
        "bw_min" : 1536,
        "bw_max" : 2464,
        "bw_agg" : 100.000000,
        "bw_mean" : 1910.915254,
        "bw_dev" : 152.655267,
        "bw_samples" : 59,
        "iops_min" : 384,
        "iops_max" : 616,
        "iops_mean" : 477.728814,
        "iops_stddev" : 38.163817,
        "iops_samples" : 59
      },
      "trim" : {
        "io_bytes" : 0,
        "io_kbytes" : 0,
        "bw_bytes" : 0,
        "bw" : 0,
        "iops" : 0.000000,
        "runtime" : 0,
        "total_ios" : 0,
        "short_ios" : 0,
        "drop_ios" : 0,
        "slat_ns" : {
          "min" : 0,
          "max" : 0,
          "mean" : 0.000000,
          "stddev" : 0.000000,
          "N" : 0
        },
        "clat_ns" : {
          "min" : 0,
          "max" : 0,
          "mean" : 0.000000,
          "stddev" : 0.000000,
          "N" : 0
        },
        "lat_ns" : {
          "min" : 0,
          "max" : 0,
          "mean" : 0.000000,
          "stddev" : 0.000000,
          "N" : 0
        },
        "bw_min" : 0,
        "bw_max" : 0,
        "bw_agg" : 0.000000,
        "bw_mean" : 0.000000,
        "bw_dev" : 0.000000,
        "bw_samples" : 0,
        "iops_min" : 0,
        "iops_max" : 0,
        "iops_mean" : 0.000000,
        "iops_stddev" : 0.000000,
        "iops_samples" : 0
      },
      "sync" : {
        "total_ios" : 0,
        "lat_ns" : {
          "min" : 1190308,
          "max" : 3720471,
          "mean" : 2065794.295983,
          "stddev" : 222323.897623,
          "N" : 14315,
          "percentile" : {
            "1.000000" : 1482752,
            "5.000000" : 1630208,
            "10.000000" : 1794048,
            "20.000000" : 1941504,
            "30.000000" : 2007040,
            "40.000000" : 2039808,
            "50.000000" : 2072576,
            "60.000000" : 2113536,
            "70.000000" : 2146304,
            "80.000000" : 2179072,
            "90.000000" : 2310144,
            "95.000000" : 2473984,
            "99.000000" : 2670592,
            "99.500000" : 2736128,
            "99.900000" : 2932736,
            "99.950000" : 3063808,
            "99.990000" : 3686400
          }
        }
      },
      "job_runtime" : 30001,
      "usr_cpu" : 0.839972,
      "sys_cpu" : 3.626546,
      "ctx" : 28645,
      "majf" : 1,
      "minf" : 20,
      "iodepth_level" : {
        "1" : 200.000000,
        "2" : 0.000000,
        "4" : 0.000000,
        "8" : 0.000000,
        "16" : 0.000000,
        "32" : 0.000000,
        ">=64" : 0.000000
      },
      "iodepth_submit" : {
        "0" : 0.000000,
        "4" : 100.000000,
        "8" : 0.000000,
        "16" : 0.000000,
        "32" : 0.000000,
        "64" : 0.000000,
        ">=64" : 0.000000
      },
      "iodepth_complete" : {
        "0" : 0.000000,
        "4" : 100.000000,
        "8" : 0.000000,
        "16" : 0.000000,
        "32" : 0.000000,
        "64" : 0.000000,
        ">=64" : 0.000000
      },
      "latency_ns" : {
        "2" : 0.000000,
        "4" : 0.000000,
        "10" : 0.000000,
        "20" : 0.000000,
        "50" : 0.000000,
        "100" : 0.000000,
        "250" : 0.000000,
        "500" : 0.000000,
        "750" : 0.000000,
        "1000" : 0.000000
      },
      "latency_us" : {
        "2" : 0.000000,
        "4" : 0.314356,
        "10" : 0.300384,
        "20" : 27.977646,
        "50" : 70.995459,
        "100" : 0.328327,
        "250" : 0.062871,
        "500" : 0.020957,
        "750" : 0.000000,
        "1000" : 0.000000
      },
      "latency_ms" : {
        "2" : 0.000000,
        "4" : 0.000000,
        "10" : 0.000000,
        "20" : 0.000000,
        "50" : 0.000000,
        "100" : 0.000000,
        "250" : 0.000000,
        "500" : 0.000000,
        "750" : 0.000000,
        "1000" : 0.000000,
        "2000" : 0.000000,
        ">=2000" : 0.000000
      },
      "latency_depth" : 1,
      "latency_target" : 0,
      "latency_percentile" : 100.000000,
      "latency_window" : 0
    }
  ],
  "disk_util" : [
    {
      "name" : "nvme1n1",
      "read_ios" : 9317,
      "write_ios" : 42752,
      "read_sectors" : 440072,
      "write_sectors" : 572088,
      "read_merges" : 2662,
      "write_merges" : 28759,
      "read_ticks" : 1840,
      "write_ticks" : 19075,
      "in_queue" : 32437,
      "util" : 64.638669
    }
  ]
}
