{
  "fio version" : "fio-3.36",
  "timestamp" : 1761854708,
  "timestamp_ms" : 1761854708524,
  "time" : "Thu Oct 30 20:05:08 2025",
  "jobs" : [
    {
      "jobname" : "byte_addressable_512",
      "groupid" : 0,
      "job_start" : 1761854677160,
      "error" : 0,
      "eta" : 0,
      "elapsed" : 31,
      "job options" : {
        "name" : "byte_addressable_512",
        "filename" : "/byte_test.dat",
        "size" : "1G",
        "bs" : "512",
        "rw" : "write",
        "ioengine" : "sync",
        "direct" : "0",
        "fdatasync" : "1",
        "runtime" : "30",
        "iodepth" : "1",
        "numjobs" : "1"
      },
      "read" : {
        "io_bytes" : 0,
        "io_kbytes" : 0,
        "bw_bytes" : 0,
        "bw" : 0,
        "iops" : 0.000000,
        "runtime" : 0,
        "total_ios" : 0,
        "short_ios" : 418146,
        "drop_ios" : 0,
        "slat_ns" : {
          "min" : 0,
          "max" : 0,
          "mean" : 0.000000,
          "stddev" : 0.000000,
          "N" : 0
        },
        "clat_ns" : {
          "min" : 0,
          "max" : 0,
          "mean" : 0.000000,
          "stddev" : 0.000000,
          "N" : 0
        },
        "lat_ns" : {
          "min" : 0,
          "max" : 0,
          "mean" : 0.000000,
          "stddev" : 0.000000,
          "N" : 0
        },
        "bw_min" : 0,
        "bw_max" : 0,
        "bw_agg" : 0.000000,
        "bw_mean" : 0.000000,
        "bw_dev" : 0.000000,
        "bw_samples" : 0,
        "iops_min" : 0,
        "iops_max" : 0,
        "iops_mean" : 0.000000,
        "iops_stddev" : 0.000000,
        "iops_samples" : 0
      },
      "write" : {
        "io_bytes" : 214090752,
        "io_kbytes" : 209073,
        "bw_bytes" : 7136120,
        "bw" : 6968,
        "iops" : 13937.735409,
        "runtime" : 30001,
        "total_ios" : 418146,
        "short_ios" : 0,
        "drop_ios" : 0,
        "slat_ns" : {
          "min" : 0,
          "max" : 0,
          "mean" : 0.000000,
          "stddev" : 0.000000,
          "N" : 0
        },
        "clat_ns" : {
          "min" : 422,
          "max" : 1866689,
          "mean" : 1167.181994,
          "stddev" : 3150.056356,
          "N" : 418146,
          "percentile" : {
            "1.000000" : 458,
            "5.000000" : 478,
            "10.000000" : 490,
            "20.000000" : 740,
            "30.000000" : 828,
            "40.000000" : 852,
            "50.000000" : 884,
            "60.000000" : 948,
            "70.000000" : 1112,
            "80.000000" : 1432,
            "90.000000" : 2064,
            "95.000000" : 2544,
            "99.000000" : 4320,
            "99.500000" : 6048,
            "99.900000" : 14400,
            "99.950000" : 18048,
            "99.990000" : 35072
          }
        },
        "lat_ns" : {
          "min" : 442,
          "max" : 1867661,
          "mean" : 1202.865396,
          "stddev" : 3157.975844,
          "N" : 418146
        },
        "bw_min" : 6205,
        "bw_max" : 8133,
        "bw_agg" : 100.000000,
        "bw_mean" : 6975.305085,
        "bw_dev" : 441.660084,
        "bw_samples" : 59,
        "iops_min" : 12410,
        "iops_max" : 16266,
        "iops_mean" : 13950.610169,
        "iops_stddev" : 883.320167,
        "iops_samples" : 59
      },
      "trim" : {
        "io_bytes" : 0,
        "io_kbytes" : 0,
        "bw_bytes" : 0,
        "bw" : 0,
        "iops" : 0.000000,
        "runtime" : 0,
        "total_ios" : 0,
        "short_ios" : 0,
        "drop_ios" : 0,
        "slat_ns" : {
          "min" : 0,
          "max" : 0,
          "mean" : 0.000000,
          "stddev" : 0.000000,
          "N" : 0
        },
        "clat_ns" : {
          "min" : 0,
          "max" : 0,
          "mean" : 0.000000,
          "stddev" : 0.000000,
          "N" : 0
        },
        "lat_ns" : {
          "min" : 0,
          "max" : 0,
          "mean" : 0.000000,
          "stddev" : 0.000000,
          "N" : 0
        },
        "bw_min" : 0,
        "bw_max" : 0,
        "bw_agg" : 0.000000,
        "bw_mean" : 0.000000,
        "bw_dev" : 0.000000,
        "bw_samples" : 0,
        "iops_min" : 0,
        "iops_max" : 0,
        "iops_mean" : 0.000000,
        "iops_stddev" : 0.000000,
        "iops_samples" : 0
      },
      "sync" : {
        "total_ios" : 0,
        "lat_ns" : {
          "min" : 32840,
          "max" : 2639140,
          "mean" : 70180.667449,
          "stddev" : 46331.669495,
          "N" : 418146,
          "percentile" : {
            "1.000000" : 33536,
            "5.000000" : 34048,
            "10.000000" : 34048,
            "20.000000" : 36096,
            "30.000000" : 45312,
            "40.000000" : 45824,
            "50.000000" : 60672,
            "60.000000" : 68096,
            "70.000000" : 68096,
            "80.000000" : 73216,
            "90.000000" : 158720,
            "95.000000" : 189440,
            "99.000000" : 209920,
            "99.500000" : 214016,
            "99.900000" : 232448,
            "99.950000" : 264192,
            "99.990000" : 342016
          }
        }
      },
      "job_runtime" : 30000,
      "usr_cpu" : 1.253333,
      "sys_cpu" : 11.886667,
      "ctx" : 836966,
      "majf" : 0,
      "minf" : 14,
      "iodepth_level" : {
        "1" : 200.000000,
        "2" : 0.000000,
        "4" : 0.000000,
        "8" : 0.000000,
        "16" : 0.000000,
        "32" : 0.000000,
        ">=64" : 0.000000
      },
      "iodepth_submit" : {
        "0" : 0.000000,
        "4" : 100.000000,
        "8" : 0.000000,
        "16" : 0.000000,
        "32" : 0.000000,
        "64" : 0.000000,
        ">=64" : 0.000000
      },
      "iodepth_complete" : {
        "0" : 0.000000,
        "4" : 100.000000,
        "8" : 0.000000,
        "16" : 0.000000,
        "32" : 0.000000,
        "64" : 0.000000,
        ">=64" : 0.000000
      },
      "latency_ns" : {
        "2" : 0.000000,
        "4" : 0.000000,
        "10" : 0.000000,
        "20" : 0.000000,
        "50" : 0.000000,
        "100" : 0.000000,
        "250" : 0.000000,
        "500" : 13.166454,
        "750" : 6.854544,
        "1000" : 44.236941
      },
      "latency_us" : {
        "2" : 24.726770,
        "4" : 9.941265,
        "10" : 0.861661,
        "20" : 0.168601,
        "50" : 0.037308,
        "100" : 0.010000,
        "250" : 0.010000,
        "500" : 0.000000,
        "750" : 0.000000,
        "1000" : 0.000000
      },
      "latency_ms" : {
        "2" : 0.010000,
        "4" : 0.000000,
        "10" : 0.000000,
        "20" : 0.000000,
        "50" : 0.000000,
        "100" : 0.000000,
        "250" : 0.000000,
        "500" : 0.000000,
        "750" : 0.000000,
        "1000" : 0.000000,
        "2000" : 0.000000,
        ">=2000" : 0.000000
      },
      "latency_depth" : 1,
      "latency_target" : 0,
      "latency_percentile" : 100.000000,
      "latency_window" : 0
    }
  ],
  "disk_util" : [
    {
      "name" : "sda",
      "read_ios" : 131,
      "write_ios" : 885805,
      "read_sectors" : 4000,
      "write_sectors" : 5004384,
      "read_merges" : 284,
      "write_merges" : 104415,
      "read_ticks" : 29,
      "write_ticks" : 24454,
      "in_queue" : 31432,
      "util" : 81.794838
    }
  ]
}
