{
  "fio version" : "fio-3.38",
  "timestamp" : 1758868955,
  "timestamp_ms" : 1758868955142,
  "time" : "Fri Sep 26 06:42:35 2025",
  "jobs" : [
    {
      "jobname" : "byte_addressable_512",
      "groupid" : 0,
      "job_start" : 1758868925103,
      "error" : 0,
      "eta" : 0,
      "elapsed" : 31,
      "job options" : {
        "name" : "byte_addressable_512",
        "filename" : "/byte_test.dat",
        "size" : "1G",
        "bs" : "512",
        "rw" : "write",
        "ioengine" : "sync",
        "direct" : "0",
        "fdatasync" : "1",
        "runtime" : "30",
        "iodepth" : "1",
        "numjobs" : "1"
      },
      "read" : {
        "io_bytes" : 0,
        "io_kbytes" : 0,
        "bw_bytes" : 0,
        "bw" : 0,
        "iops" : 0.000000,
        "runtime" : 0,
        "total_ios" : 0,
        "short_ios" : 27542,
        "drop_ios" : 0,
        "slat_ns" : {
          "min" : 0,
          "max" : 0,
          "mean" : 0.000000,
          "stddev" : 0.000000,
          "N" : 0
        },
        "clat_ns" : {
          "min" : 0,
          "max" : 0,
          "mean" : 0.000000,
          "stddev" : 0.000000,
          "N" : 0
        },
        "lat_ns" : {
          "min" : 0,
          "max" : 0,
          "mean" : 0.000000,
          "stddev" : 0.000000,
          "N" : 0
        },
        "bw_min" : 0,
        "bw_max" : 0,
        "bw_agg" : 0.000000,
        "bw_mean" : 0.000000,
        "bw_dev" : 0.000000,
        "bw_samples" : 0,
        "iops_min" : 0,
        "iops_max" : 0,
        "iops_mean" : 0.000000,
        "iops_stddev" : 0.000000,
        "iops_samples" : 0
      },
      "write" : {
        "io_bytes" : 14101504,
        "io_kbytes" : 13771,
        "bw_bytes" : 470034,
        "bw" : 459,
        "iops" : 918.036065,
        "runtime" : 30001,
        "total_ios" : 27542,
        "short_ios" : 0,
        "drop_ios" : 0,
        "slat_ns" : {
          "min" : 0,
          "max" : 0,
          "mean" : 0.000000,
          "stddev" : 0.000000,
          "N" : 0
        },
        "clat_ns" : {
          "min" : 624,
          "max" : 86372,
          "mean" : 13244.906470,
          "stddev" : 2979.064413,
          "N" : 27542,
          "percentile" : {
            "1.000000" : 3024,
            "5.000000" : 8512,
            "10.000000" : 9408,
            "20.000000" : 12352,
            "30.000000" : 12480,
            "40.000000" : 12608,
            "50.000000" : 12736,
            "60.000000" : 13504,
            "70.000000" : 13760,
            "80.000000" : 14528,
            "90.000000" : 17280,
            "95.000000" : 17536,
            "99.000000" : 20096,
            "99.500000" : 23680,
            "99.900000" : 33536,
            "99.950000" : 37120,
            "99.990000" : 59648
          }
        },
        "lat_ns" : {
          "min" : 644,
          "max" : 86684,
          "mean" : 13488.254448,
          "stddev" : 2997.867374,
          "N" : 27542
        },
        "bw_min" : 334,
        "bw_max" : 497,
        "bw_agg" : 99.996170,
        "bw_mean" : 459.288136,
        "bw_dev" : 45.149961,
        "bw_samples" : 59,
        "iops_min" : 668,
        "iops_max" : 994,
        "iops_mean" : 918.576271,
        "iops_stddev" : 90.299922,
        "iops_samples" : 59
      },
      "trim" : {
        "io_bytes" : 0,
        "io_kbytes" : 0,
        "bw_bytes" : 0,
        "bw" : 0,
        "iops" : 0.000000,
        "runtime" : 0,
        "total_ios" : 0,
        "short_ios" : 0,
        "drop_ios" : 0,
        "slat_ns" : {
          "min" : 0,
          "max" : 0,
          "mean" : 0.000000,
          "stddev" : 0.000000,
          "N" : 0
        },
        "clat_ns" : {
          "min" : 0,
          "max" : 0,
          "mean" : 0.000000,
          "stddev" : 0.000000,
          "N" : 0
        },
        "lat_ns" : {
          "min" : 0,
          "max" : 0,
          "mean" : 0.000000,
          "stddev" : 0.000000,
          "N" : 0
        },
        "bw_min" : 0,
        "bw_max" : 0,
        "bw_agg" : 0.000000,
        "bw_mean" : 0.000000,
        "bw_dev" : 0.000000,
        "bw_samples" : 0,
        "iops_min" : 0,
        "iops_max" : 0,
        "iops_mean" : 0.000000,
        "iops_stddev" : 0.000000,
        "iops_samples" : 0
      },
      "sync" : {
        "total_ios" : 0,
        "lat_ns" : {
          "min" : 630220,
          "max" : 4523376,
          "mean" : 1071475.089536,
          "stddev" : 377883.599461,
          "N" : 27542,
          "percentile" : {
            "1.000000" : 765952,
            "5.000000" : 823296,
            "10.000000" : 839680,
            "20.000000" : 864256,
            "30.000000" : 880640,
            "40.000000" : 888832,
            "50.000000" : 905216,
            "60.000000" : 921600,
            "70.000000" : 954368,
            "80.000000" : 1236992,
            "90.000000" : 1843200,
            "95.000000" : 2007040,
            "99.000000" : 2211840,
            "99.500000" : 2441216,
            "99.900000" : 2670592,
            "99.950000" : 2736128,
            "99.990000" : 2899968
          }
        }
      },
      "job_runtime" : 30000,
      "usr_cpu" : 1.256667,
      "sys_cpu" : 5.280000,
      "ctx" : 77425,
      "majf" : 1,
      "minf" : 13,
      "iodepth_level" : {
        "1" : 200.000000,
        "2" : 0.000000,
        "4" : 0.000000,
        "8" : 0.000000,
        "16" : 0.000000,
        "32" : 0.000000,
        ">=64" : 0.000000
      },
      "iodepth_submit" : {
        "0" : 0.000000,
        "4" : 100.000000,
        "8" : 0.000000,
        "16" : 0.000000,
        "32" : 0.000000,
        "64" : 0.000000,
        ">=64" : 0.000000
      },
      "iodepth_complete" : {
        "0" : 0.000000,
        "4" : 100.000000,
        "8" : 0.000000,
        "16" : 0.000000,
        "32" : 0.000000,
        "64" : 0.000000,
        ">=64" : 0.000000
      },
      "latency_ns" : {
        "2" : 0.000000,
        "4" : 0.000000,
        "10" : 0.000000,
        "20" : 0.000000,
        "50" : 0.000000,
        "100" : 0.000000,
        "250" : 0.000000,
        "500" : 0.000000,
        "750" : 0.018154,
        "1000" : 0.127079
      },
      "latency_us" : {
        "2" : 0.570038,
        "4" : 0.646286,
        "10" : 8.928182,
        "20" : 88.617384,
        "50" : 1.071091,
        "100" : 0.021785,
        "250" : 0.000000,
        "500" : 0.000000,
        "750" : 0.000000,
        "1000" : 0.000000
      },
      "latency_ms" : {
        "2" : 0.000000,
        "4" : 0.000000,
        "10" : 0.000000,
        "20" : 0.000000,
        "50" : 0.000000,
        "100" : 0.000000,
        "250" : 0.000000,
        "500" : 0.000000,
        "750" : 0.000000,
        "1000" : 0.000000,
        "2000" : 0.000000,
        ">=2000" : 0.000000
      },
      "latency_depth" : 1,
      "latency_target" : 0,
      "latency_percentile" : 100.000000,
      "latency_window" : 0
    }
  ],
  "disk_util" : [
    {
      "name" : "nvme1n1",
      "read_ios" : 4062,
      "write_ios" : 58267,
      "read_sectors" : 72392,
      "write_sectors" : 330688,
      "read_merges" : 1097,
      "write_merges" : 7060,
      "read_ticks" : 771,
      "write_ticks" : 25327,
      "in_queue" : 48567,
      "util" : 85.188897
    }
  ]
}
