{
  "fio version" : "fio-3.38",
  "timestamp" : 1758868856,
  "timestamp_ms" : 1758868856621,
  "time" : "Fri Sep 26 06:40:56 2025",
  "jobs" : [
    {
      "jobname" : "byte_addressable_64",
      "groupid" : 0,
      "job_start" : 1758868826581,
      "error" : 0,
      "eta" : 0,
      "elapsed" : 31,
      "job options" : {
        "name" : "byte_addressable_64",
        "filename" : "/byte_test.dat",
        "size" : "1G",
        "bs" : "64",
        "rw" : "write",
        "ioengine" : "sync",
        "direct" : "0",
        "fdatasync" : "1",
        "runtime" : "30",
        "iodepth" : "1",
        "numjobs" : "1"
      },
      "read" : {
        "io_bytes" : 0,
        "io_kbytes" : 0,
        "bw_bytes" : 0,
        "bw" : 0,
        "iops" : 0.000000,
        "runtime" : 0,
        "total_ios" : 0,
        "short_ios" : 31477,
        "drop_ios" : 0,
        "slat_ns" : {
          "min" : 0,
          "max" : 0,
          "mean" : 0.000000,
          "stddev" : 0.000000,
          "N" : 0
        },
        "clat_ns" : {
          "min" : 0,
          "max" : 0,
          "mean" : 0.000000,
          "stddev" : 0.000000,
          "N" : 0
        },
        "lat_ns" : {
          "min" : 0,
          "max" : 0,
          "mean" : 0.000000,
          "stddev" : 0.000000,
          "N" : 0
        },
        "bw_min" : 0,
        "bw_max" : 0,
        "bw_agg" : 0.000000,
        "bw_mean" : 0.000000,
        "bw_dev" : 0.000000,
        "bw_samples" : 0,
        "iops_min" : 0,
        "iops_max" : 0,
        "iops_mean" : 0.000000,
        "iops_stddev" : 0.000000,
        "iops_samples" : 0
      },
      "write" : {
        "io_bytes" : 2014528,
        "io_kbytes" : 1967,
        "bw_bytes" : 67148,
        "bw" : 65,
        "iops" : 1049.198360,
        "runtime" : 30001,
        "total_ios" : 31477,
        "short_ios" : 0,
        "drop_ios" : 0,
        "slat_ns" : {
          "min" : 0,
          "max" : 0,
          "mean" : 0.000000,
          "stddev" : 0.000000,
          "N" : 0
        },
        "clat_ns" : {
          "min" : 485,
          "max" : 157721,
          "mean" : 15801.658100,
          "stddev" : 4961.673980,
          "N" : 31477,
          "percentile" : {
            "1.000000" : 1320,
            "5.000000" : 3216,
            "10.000000" : 7968,
            "20.000000" : 17024,
            "30.000000" : 17280,
            "40.000000" : 17280,
            "50.000000" : 17280,
            "60.000000" : 17280,
            "70.000000" : 17536,
            "80.000000" : 17536,
            "90.000000" : 17536,
            "95.000000" : 18048,
            "99.000000" : 24448,
            "99.500000" : 26496,
            "99.900000" : 35072,
            "99.950000" : 38656,
            "99.990000" : 70144
          }
        },
        "lat_ns" : {
          "min" : 508,
          "max" : 157958,
          "mean" : 16055.603266,
          "stddev" : 5016.732589,
          "N" : 31477
        },
        "bw_min" : 44,
        "bw_max" : 67,
        "bw_agg" : 99.124322,
        "bw_mean" : 65.271186,
        "bw_dev" : 3.072854,
        "bw_samples" : 59,
        "iops_min" : 714,
        "iops_max" : 1076,
        "iops_mean" : 1050.508475,
        "iops_stddev" : 48.223035,
        "iops_samples" : 59
      },
      "trim" : {
        "io_bytes" : 0,
        "io_kbytes" : 0,
        "bw_bytes" : 0,
        "bw" : 0,
        "iops" : 0.000000,
        "runtime" : 0,
        "total_ios" : 0,
        "short_ios" : 0,
        "drop_ios" : 0,
        "slat_ns" : {
          "min" : 0,
          "max" : 0,
          "mean" : 0.000000,
          "stddev" : 0.000000,
          "N" : 0
        },
        "clat_ns" : {
          "min" : 0,
          "max" : 0,
          "mean" : 0.000000,
          "stddev" : 0.000000,
          "N" : 0
        },
        "lat_ns" : {
          "min" : 0,
          "max" : 0,
          "mean" : 0.000000,
          "stddev" : 0.000000,
          "N" : 0
        },
        "bw_min" : 0,
        "bw_max" : 0,
        "bw_agg" : 0.000000,
        "bw_mean" : 0.000000,
        "bw_dev" : 0.000000,
        "bw_samples" : 0,
        "iops_min" : 0,
        "iops_max" : 0,
        "iops_mean" : 0.000000,
        "iops_stddev" : 0.000000,
        "iops_samples" : 0
      },
      "sync" : {
        "total_ios" : 0,
        "lat_ns" : {
          "min" : 527037,
          "max" : 3139614,
          "mean" : 932942.326651,
          "stddev" : 222566.477886,
          "N" : 31477,
          "percentile" : {
            "1.000000" : 708608,
            "5.000000" : 765952,
            "10.000000" : 798720,
            "20.000000" : 856064,
            "30.000000" : 880640,
            "40.000000" : 880640,
            "50.000000" : 897024,
            "60.000000" : 905216,
            "70.000000" : 921600,
            "80.000000" : 954368,
            "90.000000" : 1019904,
            "95.000000" : 1187840,
            "99.000000" : 2441216,
            "99.500000" : 2572288,
            "99.900000" : 2736128,
            "99.950000" : 2801664,
            "99.990000" : 2965504
          }
        }
      },
      "job_runtime" : 30000,
      "usr_cpu" : 1.453333,
      "sys_cpu" : 7.126667,
      "ctx" : 92337,
      "majf" : 1,
      "minf" : 12,
      "iodepth_level" : {
        "1" : 200.000000,
        "2" : 0.000000,
        "4" : 0.000000,
        "8" : 0.000000,
        "16" : 0.000000,
        "32" : 0.000000,
        ">=64" : 0.000000
      },
      "iodepth_submit" : {
        "0" : 0.000000,
        "4" : 100.000000,
        "8" : 0.000000,
        "16" : 0.000000,
        "32" : 0.000000,
        "64" : 0.000000,
        ">=64" : 0.000000
      },
      "iodepth_complete" : {
        "0" : 0.000000,
        "4" : 100.000000,
        "8" : 0.000000,
        "16" : 0.000000,
        "32" : 0.000000,
        "64" : 0.000000,
        ">=64" : 0.000000
      },
      "latency_ns" : {
        "2" : 0.000000,
        "4" : 0.000000,
        "10" : 0.000000,
        "20" : 0.000000,
        "50" : 0.000000,
        "100" : 0.000000,
        "250" : 0.000000,
        "500" : 0.019062,
        "750" : 0.085777,
        "1000" : 0.762461
      },
      "latency_us" : {
        "2" : 1.064269,
        "4" : 7.373638,
        "10" : 1.134161,
        "20" : 86.504432,
        "50" : 3.027607,
        "100" : 0.022238,
        "250" : 0.010000,
        "500" : 0.000000,
        "750" : 0.000000,
        "1000" : 0.000000
      },
      "latency_ms" : {
        "2" : 0.000000,
        "4" : 0.000000,
        "10" : 0.000000,
        "20" : 0.000000,
        "50" : 0.000000,
        "100" : 0.000000,
        "250" : 0.000000,
        "500" : 0.000000,
        "750" : 0.000000,
        "1000" : 0.000000,
        "2000" : 0.000000,
        ">=2000" : 0.000000
      },
      "latency_depth" : 1,
      "latency_target" : 0,
      "latency_percentile" : 100.000000,
      "latency_window" : 0
    }
  ],
  "disk_util" : [
    {
      "name" : "nvme1n1",
      "read_ios" : 3903,
      "write_ios" : 63169,
      "read_sectors" : 68776,
      "write_sectors" : 267752,
      "read_merges" : 1013,
      "write_merges" : 1149,
      "read_ticks" : 726,
      "write_ticks" : 27315,
      "in_queue" : 53574,
      "util" : 92.626620
    }
  ]
}
