{
  "fio version" : "fio-3.36",
  "timestamp" : 1761854606,
  "timestamp_ms" : 1761854606895,
  "time" : "Thu Oct 30 20:03:26 2025",
  "jobs" : [
    {
      "jobname" : "byte_addressable_64",
      "groupid" : 0,
      "job_start" : 1761854575540,
      "error" : 0,
      "eta" : 0,
      "elapsed" : 31,
      "job options" : {
        "name" : "byte_addressable_64",
        "filename" : "/byte_test.dat",
        "size" : "1G",
        "bs" : "64",
        "rw" : "write",
        "ioengine" : "sync",
        "direct" : "0",
        "fdatasync" : "1",
        "runtime" : "30",
        "iodepth" : "1",
        "numjobs" : "1"
      },
      "read" : {
        "io_bytes" : 0,
        "io_kbytes" : 0,
        "bw_bytes" : 0,
        "bw" : 0,
        "iops" : 0.000000,
        "runtime" : 0,
        "total_ios" : 0,
        "short_ios" : 607813,
        "drop_ios" : 0,
        "slat_ns" : {
          "min" : 0,
          "max" : 0,
          "mean" : 0.000000,
          "stddev" : 0.000000,
          "N" : 0
        },
        "clat_ns" : {
          "min" : 0,
          "max" : 0,
          "mean" : 0.000000,
          "stddev" : 0.000000,
          "N" : 0
        },
        "lat_ns" : {
          "min" : 0,
          "max" : 0,
          "mean" : 0.000000,
          "stddev" : 0.000000,
          "N" : 0
        },
        "bw_min" : 0,
        "bw_max" : 0,
        "bw_agg" : 0.000000,
        "bw_mean" : 0.000000,
        "bw_dev" : 0.000000,
        "bw_samples" : 0,
        "iops_min" : 0,
        "iops_max" : 0,
        "iops_mean" : 0.000000,
        "iops_stddev" : 0.000000,
        "iops_samples" : 0
      },
      "write" : {
        "io_bytes" : 38900032,
        "io_kbytes" : 37988,
        "bw_bytes" : 1296624,
        "bw" : 1266,
        "iops" : 20259.758008,
        "runtime" : 30001,
        "total_ios" : 607813,
        "short_ios" : 0,
        "drop_ios" : 0,
        "slat_ns" : {
          "min" : 0,
          "max" : 0,
          "mean" : 0.000000,
          "stddev" : 0.000000,
          "N" : 0
        },
        "clat_ns" : {
          "min" : 386,
          "max" : 117986,
          "mean" : 898.465982,
          "stddev" : 815.557862,
          "N" : 607813,
          "percentile" : {
            "1.000000" : 422,
            "5.000000" : 438,
            "10.000000" : 450,
            "20.000000" : 510,
            "30.000000" : 796,
            "40.000000" : 828,
            "50.000000" : 844,
            "60.000000" : 868,
            "70.000000" : 892,
            "80.000000" : 924,
            "90.000000" : 1160,
            "95.000000" : 1736,
            "99.000000" : 2768,
            "99.500000" : 3312,
            "99.900000" : 10944,
            "99.950000" : 14016,
            "99.990000" : 27264
          }
        },
        "lat_ns" : {
          "min" : 410,
          "max" : 118153,
          "mean" : 933.081219,
          "stddev" : 835.020576,
          "N" : 607813
        },
        "bw_min" : 1102,
        "bw_max" : 1436,
        "bw_agg" : 100.000000,
        "bw_mean" : 1267.728814,
        "bw_dev" : 62.500160,
        "bw_samples" : 59,
        "iops_min" : 17646,
        "iops_max" : 22982,
        "iops_mean" : 20290.745763,
        "iops_stddev" : 999.844671,
        "iops_samples" : 59
      },
      "trim" : {
        "io_bytes" : 0,
        "io_kbytes" : 0,
        "bw_bytes" : 0,
        "bw" : 0,
        "iops" : 0.000000,
        "runtime" : 0,
        "total_ios" : 0,
        "short_ios" : 0,
        "drop_ios" : 0,
        "slat_ns" : {
          "min" : 0,
          "max" : 0,
          "mean" : 0.000000,
          "stddev" : 0.000000,
          "N" : 0
        },
        "clat_ns" : {
          "min" : 0,
          "max" : 0,
          "mean" : 0.000000,
          "stddev" : 0.000000,
          "N" : 0
        },
        "lat_ns" : {
          "min" : 0,
          "max" : 0,
          "mean" : 0.000000,
          "stddev" : 0.000000,
          "N" : 0
        },
        "bw_min" : 0,
        "bw_max" : 0,
        "bw_agg" : 0.000000,
        "bw_mean" : 0.000000,
        "bw_dev" : 0.000000,
        "bw_samples" : 0,
        "iops_min" : 0,
        "iops_max" : 0,
        "iops_mean" : 0.000000,
        "iops_stddev" : 0.000000,
        "iops_samples" : 0
      },
      "sync" : {
        "total_ios" : 0,
        "lat_ns" : {
          "min" : 32770,
          "max" : 26005746,
          "mean" : 48072.062861,
          "stddev" : 40496.009115,
          "N" : 607813,
          "percentile" : {
            "1.000000" : 33536,
            "5.000000" : 34048,
            "10.000000" : 34048,
            "20.000000" : 35072,
            "30.000000" : 44800,
            "40.000000" : 45312,
            "50.000000" : 45312,
            "60.000000" : 45312,
            "70.000000" : 45312,
            "80.000000" : 45824,
            "90.000000" : 68096,
            "95.000000" : 78336,
            "99.000000" : 187392,
            "99.500000" : 203776,
            "99.900000" : 216064,
            "99.950000" : 224256,
            "99.990000" : 337920
          }
        }
      },
      "job_runtime" : 30000,
      "usr_cpu" : 1.866667,
      "sys_cpu" : 13.866667,
      "ctx" : 1216739,
      "majf" : 0,
      "minf" : 13,
      "iodepth_level" : {
        "1" : 200.000000,
        "2" : 0.000000,
        "4" : 0.000000,
        "8" : 0.000000,
        "16" : 0.000000,
        "32" : 0.000000,
        ">=64" : 0.000000
      },
      "iodepth_submit" : {
        "0" : 0.000000,
        "4" : 100.000000,
        "8" : 0.000000,
        "16" : 0.000000,
        "32" : 0.000000,
        "64" : 0.000000,
        ">=64" : 0.000000
      },
      "iodepth_complete" : {
        "0" : 0.000000,
        "4" : 100.000000,
        "8" : 0.000000,
        "16" : 0.000000,
        "32" : 0.000000,
        "64" : 0.000000,
        ">=64" : 0.000000
      },
      "latency_ns" : {
        "2" : 0.000000,
        "4" : 0.000000,
        "10" : 0.000000,
        "20" : 0.000000,
        "50" : 0.000000,
        "100" : 0.000000,
        "250" : 0.000000,
        "500" : 18.811378,
        "750" : 4.835698,
        "1000" : 63.567907
      },
      "latency_us" : {
        "2" : 9.089802,
        "4" : 3.297560,
        "10" : 0.285943,
        "20" : 0.089666,
        "50" : 0.020401,
        "100" : 0.010000,
        "250" : 0.010000,
        "500" : 0.000000,
        "750" : 0.000000,
        "1000" : 0.000000
      },
      "latency_ms" : {
        "2" : 0.000000,
        "4" : 0.000000,
        "10" : 0.000000,
        "20" : 0.000000,
        "50" : 0.000000,
        "100" : 0.000000,
        "250" : 0.000000,
        "500" : 0.000000,
        "750" : 0.000000,
        "1000" : 0.000000,
        "2000" : 0.000000,
        ">=2000" : 0.000000
      },
      "latency_depth" : 1,
      "latency_target" : 0,
      "latency_percentile" : 100.000000,
      "latency_window" : 0
    }
  ],
  "disk_util" : [
    {
      "name" : "sda",
      "read_ios" : 85,
      "write_ios" : 1221477,
      "read_sectors" : 2744,
      "write_sectors" : 5152488,
      "read_merges" : 235,
      "write_merges" : 19118,
      "read_ticks" : 16,
      "write_ticks" : 25482,
      "in_queue" : 33837,
      "util" : 83.952511
    }
  ]
}
