{
  "fio version" : "fio-3.36",
  "timestamp" : 1761854505,
  "timestamp_ms" : 1761854505323,
  "time" : "Thu Oct 30 20:01:45 2025",
  "jobs" : [
    {
      "jobname" : "byte_addressable_8",
      "groupid" : 0,
      "job_start" : 1761854473962,
      "error" : 0,
      "eta" : 0,
      "elapsed" : 31,
      "job options" : {
        "name" : "byte_addressable_8",
        "filename" : "/byte_test.dat",
        "size" : "1G",
        "bs" : "8",
        "rw" : "write",
        "ioengine" : "sync",
        "direct" : "0",
        "fdatasync" : "1",
        "runtime" : "30",
        "iodepth" : "1",
        "numjobs" : "1"
      },
      "read" : {
        "io_bytes" : 0,
        "io_kbytes" : 0,
        "bw_bytes" : 0,
        "bw" : 0,
        "iops" : 0.000000,
        "runtime" : 0,
        "total_ios" : 0,
        "short_ios" : 675991,
        "drop_ios" : 0,
        "slat_ns" : {
          "min" : 0,
          "max" : 0,
          "mean" : 0.000000,
          "stddev" : 0.000000,
          "N" : 0
        },
        "clat_ns" : {
          "min" : 0,
          "max" : 0,
          "mean" : 0.000000,
          "stddev" : 0.000000,
          "N" : 0
        },
        "lat_ns" : {
          "min" : 0,
          "max" : 0,
          "mean" : 0.000000,
          "stddev" : 0.000000,
          "N" : 0
        },
        "bw_min" : 0,
        "bw_max" : 0,
        "bw_agg" : 0.000000,
        "bw_mean" : 0.000000,
        "bw_dev" : 0.000000,
        "bw_samples" : 0,
        "iops_min" : 0,
        "iops_max" : 0,
        "iops_mean" : 0.000000,
        "iops_stddev" : 0.000000,
        "iops_samples" : 0
      },
      "write" : {
        "io_bytes" : 5407928,
        "io_kbytes" : 5281,
        "bw_bytes" : 180258,
        "bw" : 176,
        "iops" : 22532.282257,
        "runtime" : 30001,
        "total_ios" : 675991,
        "short_ios" : 0,
        "drop_ios" : 0,
        "slat_ns" : {
          "min" : 0,
          "max" : 0,
          "mean" : 0.000000,
          "stddev" : 0.000000,
          "N" : 0
        },
        "clat_ns" : {
          "min" : 380,
          "max" : 123335,
          "mean" : 749.312909,
          "stddev" : 776.136507,
          "N" : 675991,
          "percentile" : {
            "1.000000" : 406,
            "5.000000" : 414,
            "10.000000" : 422,
            "20.000000" : 430,
            "30.000000" : 450,
            "40.000000" : 510,
            "50.000000" : 756,
            "60.000000" : 780,
            "70.000000" : 796,
            "80.000000" : 820,
            "90.000000" : 916,
            "95.000000" : 1384,
            "99.000000" : 2608,
            "99.500000" : 2992,
            "99.900000" : 11072,
            "99.950000" : 13760,
            "99.990000" : 25984
          }
        },
        "lat_ns" : {
          "min" : 400,
          "max" : 123455,
          "mean" : 781.574531,
          "stddev" : 798.873798,
          "N" : 675991
        },
        "bw_min" : 101,
        "bw_max" : 209,
        "bw_agg" : 99.413063,
        "bw_mean" : 175.559322,
        "bw_dev" : 20.801418,
        "bw_samples" : 59,
        "iops_min" : 12938,
        "iops_max" : 26766,
        "iops_mean" : 22530.474576,
        "iops_stddev" : 2665.072719,
        "iops_samples" : 59
      },
      "trim" : {
        "io_bytes" : 0,
        "io_kbytes" : 0,
        "bw_bytes" : 0,
        "bw" : 0,
        "iops" : 0.000000,
        "runtime" : 0,
        "total_ios" : 0,
        "short_ios" : 0,
        "drop_ios" : 0,
        "slat_ns" : {
          "min" : 0,
          "max" : 0,
          "mean" : 0.000000,
          "stddev" : 0.000000,
          "N" : 0
        },
        "clat_ns" : {
          "min" : 0,
          "max" : 0,
          "mean" : 0.000000,
          "stddev" : 0.000000,
          "N" : 0
        },
        "lat_ns" : {
          "min" : 0,
          "max" : 0,
          "mean" : 0.000000,
          "stddev" : 0.000000,
          "N" : 0
        },
        "bw_min" : 0,
        "bw_max" : 0,
        "bw_agg" : 0.000000,
        "bw_mean" : 0.000000,
        "bw_dev" : 0.000000,
        "bw_samples" : 0,
        "iops_min" : 0,
        "iops_max" : 0,
        "iops_mean" : 0.000000,
        "iops_stddev" : 0.000000,
        "iops_samples" : 0
      },
      "sync" : {
        "total_ios" : 0,
        "lat_ns" : {
          "min" : 32694,
          "max" : 2711894,
          "mean" : 43256.386604,
          "stddev" : 19247.414173,
          "N" : 675991,
          "percentile" : {
            "1.000000" : 33536,
            "5.000000" : 33536,
            "10.000000" : 34048,
            "20.000000" : 34048,
            "30.000000" : 34560,
            "40.000000" : 35584,
            "50.000000" : 43776,
            "60.000000" : 44800,
            "70.000000" : 45312,
            "80.000000" : 45312,
            "90.000000" : 45824,
            "95.000000" : 79360,
            "99.000000" : 87552,
            "99.500000" : 88576,
            "99.900000" : 333824,
            "99.950000" : 407552,
            "99.990000" : 464896
          }
        }
      },
      "job_runtime" : 30000,
      "usr_cpu" : 1.903333,
      "sys_cpu" : 13.613333,
      "ctx" : 1352912,
      "majf" : 0,
      "minf" : 12,
      "iodepth_level" : {
        "1" : 200.000000,
        "2" : 0.000000,
        "4" : 0.000000,
        "8" : 0.000000,
        "16" : 0.000000,
        "32" : 0.000000,
        ">=64" : 0.000000
      },
      "iodepth_submit" : {
        "0" : 0.000000,
        "4" : 100.000000,
        "8" : 0.000000,
        "16" : 0.000000,
        "32" : 0.000000,
        "64" : 0.000000,
        ">=64" : 0.000000
      },
      "iodepth_complete" : {
        "0" : 0.000000,
        "4" : 100.000000,
        "8" : 0.000000,
        "16" : 0.000000,
        "32" : 0.000000,
        "64" : 0.000000,
        ">=64" : 0.000000
      },
      "latency_ns" : {
        "2" : 0.000000,
        "4" : 0.000000,
        "10" : 0.000000,
        "20" : 0.000000,
        "50" : 0.000000,
        "100" : 0.000000,
        "250" : 0.000000,
        "500" : 38.124768,
        "750" : 9.563145,
        "1000" : 43.207380
      },
      "latency_us" : {
        "2" : 6.434405,
        "4" : 2.342339,
        "10" : 0.214352,
        "20" : 0.094084,
        "50" : 0.017604,
        "100" : 0.010000,
        "250" : 0.010000,
        "500" : 0.000000,
        "750" : 0.000000,
        "1000" : 0.000000
      },
      "latency_ms" : {
        "2" : 0.000000,
        "4" : 0.000000,
        "10" : 0.000000,
        "20" : 0.000000,
        "50" : 0.000000,
        "100" : 0.000000,
        "250" : 0.000000,
        "500" : 0.000000,
        "750" : 0.000000,
        "1000" : 0.000000,
        "2000" : 0.000000,
        ">=2000" : 0.000000
      },
      "latency_depth" : 1,
      "latency_target" : 0,
      "latency_percentile" : 100.000000,
      "latency_window" : 0
    }
  ],
  "disk_util" : [
    {
      "name" : "sda",
      "read_ios" : 70,
      "write_ios" : 1347894,
      "read_sectors" : 2672,
      "write_sectors" : 5429904,
      "read_merges" : 206,
      "write_merges" : 2789,
      "read_ticks" : 18,
      "write_ticks" : 25913,
      "in_queue" : 34701,
      "util" : 84.796531
    }
  ]
}
