{
  "fio version" : "fio-3.38",
  "timestamp" : 1758868758,
  "timestamp_ms" : 1758868758128,
  "time" : "Fri Sep 26 06:39:18 2025",
  "jobs" : [
    {
      "jobname" : "byte_addressable_8",
      "groupid" : 0,
      "job_start" : 1758868728092,
      "error" : 0,
      "eta" : 0,
      "elapsed" : 31,
      "job options" : {
        "name" : "byte_addressable_8",
        "filename" : "/byte_test.dat",
        "size" : "1G",
        "bs" : "8",
        "rw" : "write",
        "ioengine" : "sync",
        "direct" : "0",
        "fdatasync" : "1",
        "runtime" : "30",
        "iodepth" : "1",
        "numjobs" : "1"
      },
      "read" : {
        "io_bytes" : 0,
        "io_kbytes" : 0,
        "bw_bytes" : 0,
        "bw" : 0,
        "iops" : 0.000000,
        "runtime" : 0,
        "total_ios" : 0,
        "short_ios" : 32145,
        "drop_ios" : 0,
        "slat_ns" : {
          "min" : 0,
          "max" : 0,
          "mean" : 0.000000,
          "stddev" : 0.000000,
          "N" : 0
        },
        "clat_ns" : {
          "min" : 0,
          "max" : 0,
          "mean" : 0.000000,
          "stddev" : 0.000000,
          "N" : 0
        },
        "lat_ns" : {
          "min" : 0,
          "max" : 0,
          "mean" : 0.000000,
          "stddev" : 0.000000,
          "N" : 0
        },
        "bw_min" : 0,
        "bw_max" : 0,
        "bw_agg" : 0.000000,
        "bw_mean" : 0.000000,
        "bw_dev" : 0.000000,
        "bw_samples" : 0,
        "iops_min" : 0,
        "iops_max" : 0,
        "iops_mean" : 0.000000,
        "iops_stddev" : 0.000000,
        "iops_samples" : 0
      },
      "write" : {
        "io_bytes" : 257168,
        "io_kbytes" : 251,
        "bw_bytes" : 8572,
        "bw" : 8,
        "iops" : 1071.533333,
        "runtime" : 30000,
        "total_ios" : 32146,
        "short_ios" : 0,
        "drop_ios" : 0,
        "slat_ns" : {
          "min" : 0,
          "max" : 0,
          "mean" : 0.000000,
          "stddev" : 0.000000,
          "N" : 0
        },
        "clat_ns" : {
          "min" : 525,
          "max" : 153398,
          "mean" : 12121.360698,
          "stddev" : 2565.869360,
          "N" : 32146,
          "percentile" : {
            "1.000000" : 1928,
            "5.000000" : 8256,
            "10.000000" : 9152,
            "20.000000" : 11968,
            "30.000000" : 12096,
            "40.000000" : 12224,
            "50.000000" : 12352,
            "60.000000" : 13120,
            "70.000000" : 13248,
            "80.000000" : 13376,
            "90.000000" : 13376,
            "95.000000" : 13504,
            "99.000000" : 17024,
            "99.500000" : 18560,
            "99.900000" : 29312,
            "99.950000" : 32128,
            "99.990000" : 63744
          }
        },
        "lat_ns" : {
          "min" : 542,
          "max" : 153632,
          "mean" : 12363.764139,
          "stddev" : 2593.094100,
          "N" : 32146
        },
        "bw_min" : 5,
        "bw_max" : 8,
        "bw_agg" : 83.621092,
        "bw_mean" : 7.813559,
        "bw_dev" : 0.655864,
        "bw_samples" : 59,
        "iops_min" : 746,
        "iops_max" : 1104,
        "iops_mean" : 1072.338983,
        "iops_stddev" : 84.363869,
        "iops_samples" : 59
      },
      "trim" : {
        "io_bytes" : 0,
        "io_kbytes" : 0,
        "bw_bytes" : 0,
        "bw" : 0,
        "iops" : 0.000000,
        "runtime" : 0,
        "total_ios" : 0,
        "short_ios" : 0,
        "drop_ios" : 0,
        "slat_ns" : {
          "min" : 0,
          "max" : 0,
          "mean" : 0.000000,
          "stddev" : 0.000000,
          "N" : 0
        },
        "clat_ns" : {
          "min" : 0,
          "max" : 0,
          "mean" : 0.000000,
          "stddev" : 0.000000,
          "N" : 0
        },
        "lat_ns" : {
          "min" : 0,
          "max" : 0,
          "mean" : 0.000000,
          "stddev" : 0.000000,
          "N" : 0
        },
        "bw_min" : 0,
        "bw_max" : 0,
        "bw_agg" : 0.000000,
        "bw_mean" : 0.000000,
        "bw_dev" : 0.000000,
        "bw_samples" : 0,
        "iops_min" : 0,
        "iops_max" : 0,
        "iops_mean" : 0.000000,
        "iops_stddev" : 0.000000,
        "iops_samples" : 0
      },
      "sync" : {
        "total_ios" : 0,
        "lat_ns" : {
          "min" : 533288,
          "max" : 3115057,
          "mean" : 916550.341111,
          "stddev" : 120743.036841,
          "N" : 32145,
          "percentile" : {
            "1.000000" : 741376,
            "5.000000" : 806912,
            "10.000000" : 831488,
            "20.000000" : 864256,
            "30.000000" : 880640,
            "40.000000" : 880640,
            "50.000000" : 888832,
            "60.000000" : 905216,
            "70.000000" : 921600,
            "80.000000" : 946176,
            "90.000000" : 987136,
            "95.000000" : 1187840,
            "99.000000" : 1417216,
            "99.500000" : 1482752,
            "99.900000" : 2007040,
            "99.950000" : 2113536,
            "99.990000" : 2211840
          }
        }
      },
      "job_runtime" : 30000,
      "usr_cpu" : 1.516667,
      "sys_cpu" : 6.086667,
      "ctx" : 94385,
      "majf" : 1,
      "minf" : 13,
      "iodepth_level" : {
        "1" : 199.996889,
        "2" : 0.000000,
        "4" : 0.000000,
        "8" : 0.000000,
        "16" : 0.000000,
        "32" : 0.000000,
        ">=64" : 0.000000
      },
      "iodepth_submit" : {
        "0" : 0.000000,
        "4" : 100.000000,
        "8" : 0.000000,
        "16" : 0.000000,
        "32" : 0.000000,
        "64" : 0.000000,
        ">=64" : 0.000000
      },
      "iodepth_complete" : {
        "0" : 0.000000,
        "4" : 100.000000,
        "8" : 0.000000,
        "16" : 0.000000,
        "32" : 0.000000,
        "64" : 0.000000,
        ">=64" : 0.000000
      },
      "latency_ns" : {
        "2" : 0.000000,
        "4" : 0.000000,
        "10" : 0.000000,
        "20" : 0.000000,
        "50" : 0.000000,
        "100" : 0.000000,
        "250" : 0.000000,
        "500" : 0.000000,
        "750" : 0.037330,
        "1000" : 0.077770
      },
      "latency_us" : {
        "2" : 1.035899,
        "4" : 1.004791,
        "10" : 12.402787,
        "20" : 85.114789,
        "50" : 0.295527,
        "100" : 0.027997,
        "250" : 0.010000,
        "500" : 0.000000,
        "750" : 0.000000,
        "1000" : 0.000000
      },
      "latency_ms" : {
        "2" : 0.000000,
        "4" : 0.000000,
        "10" : 0.000000,
        "20" : 0.000000,
        "50" : 0.000000,
        "100" : 0.000000,
        "250" : 0.000000,
        "500" : 0.000000,
        "750" : 0.000000,
        "1000" : 0.000000,
        "2000" : 0.000000,
        ">=2000" : 0.000000
      },
      "latency_depth" : 1,
      "latency_target" : 0,
      "latency_percentile" : 100.000000,
      "latency_window" : 0
    }
  ],
  "disk_util" : [
    {
      "name" : "nvme1n1",
      "read_ios" : 4278,
      "write_ios" : 64399,
      "read_sectors" : 75928,
      "write_sectors" : 263960,
      "read_merges" : 1216,
      "write_merges" : 274,
      "read_ticks" : 797,
      "write_ticks" : 28064,
      "in_queue" : 55097,
      "util" : 92.798931
    }
  ]
}
